Community_AREA,PRIMARY_TYPE,COUNT
ARSON,,
1,ARSON,10
2,ARSON,17
3,ARSON,9
4,ARSON,4
5,ARSON,14
6,ARSON,32
7,ARSON,24
8,ARSON,19
9,ARSON,0
10,ARSON,8
11,ARSON,3
12,ARSON,0
13,ARSON,6
14,ARSON,21
15,ARSON,20
16,ARSON,28
17,ARSON,17
18,ARSON,5
19,ARSON,49
20,ARSON,26
21,ARSON,27
22,ARSON,40
23,ARSON,79
24,ARSON,32
25,ARSON,156
26,ARSON,36
27,ARSON,30
28,ARSON,24
29,ARSON,72
30,ARSON,57
31,ARSON,30
32,ARSON,22
33,ARSON,4
34,ARSON,6
35,ARSON,4
36,ARSON,4
37,ARSON,10
38,ARSON,13
39,ARSON,4
40,ARSON,12
41,ARSON,4
42,ARSON,20
43,ARSON,40
44,ARSON,41
45,ARSON,12
46,ARSON,38
47,ARSON,3
48,ARSON,10
49,ARSON,79
50,ARSON,7
51,ARSON,14
52,ARSON,25
53,ARSON,52
54,ARSON,10
55,ARSON,2
56,ARSON,14
57,ARSON,7
58,ARSON,54
59,ARSON,12
60,ARSON,12
61,ARSON,64
62,ARSON,15
63,ARSON,29
64,ARSON,8
65,ARSON,24
66,ARSON,59
67,ARSON,73
68,ARSON,61
69,ARSON,48
70,ARSON,23
71,ARSON,66
72,ARSON,3
73,ARSON,15
74,ARSON,5
75,ARSON,5
76,ARSON,0
77,ARSON,5
ASSAULT,,
1,ASSAULT,982
2,ASSAULT,860
3,ASSAULT,992
4,ASSAULT,407
5,ASSAULT,231
6,ASSAULT,904
7,ASSAULT,462
8,ASSAULT,1685
9,ASSAULT,69
10,ASSAULT,290
11,ASSAULT,271
12,ASSAULT,133
13,ASSAULT,194
14,ASSAULT,603
15,ASSAULT,850
16,ASSAULT,687
17,ASSAULT,447
18,ASSAULT,161
19,ASSAULT,1369
20,ASSAULT,401
21,ASSAULT,529
22,ASSAULT,1030
23,ASSAULT,2291
24,ASSAULT,1440
25,ASSAULT,4692
26,ASSAULT,1329
27,ASSAULT,1490
28,ASSAULT,2102
29,ASSAULT,2468
30,ASSAULT,1405
31,ASSAULT,803
32,ASSAULT,1382
33,ASSAULT,456
34,ASSAULT,264
35,ASSAULT,830
36,ASSAULT,233
37,ASSAULT,297
38,ASSAULT,1061
39,ASSAULT,439
40,ASSAULT,854
41,ASSAULT,359
42,ASSAULT,1138
43,ASSAULT,2902
44,ASSAULT,2052
45,ASSAULT,440
46,ASSAULT,1610
47,ASSAULT,138
48,ASSAULT,437
49,ASSAULT,2281
50,ASSAULT,372
51,ASSAULT,741
52,ASSAULT,437
53,ASSAULT,1357
54,ASSAULT,592
55,ASSAULT,207
56,ASSAULT,482
57,ASSAULT,229
58,ASSAULT,633
59,ASSAULT,263
60,ASSAULT,467
61,ASSAULT,1547
62,ASSAULT,233
63,ASSAULT,680
64,ASSAULT,255
65,ASSAULT,442
66,ASSAULT,1842
67,ASSAULT,2360
68,ASSAULT,2279
69,ASSAULT,2307
70,ASSAULT,750
71,ASSAULT,2587
72,ASSAULT,241
73,ASSAULT,935
74,ASSAULT,156
75,ASSAULT,639
76,ASSAULT,297
77,ASSAULT,613
BATTERY,,
1,BATTERY,2678
2,BATTERY,2172
3,BATTERY,2530
4,BATTERY,1134
5,BATTERY,460
6,BATTERY,2880
7,BATTERY,1333
8,BATTERY,4815
9,BATTERY,165
10,BATTERY,670
11,BATTERY,613
12,BATTERY,225
13,BATTERY,468
14,BATTERY,1645
15,BATTERY,2067
16,BATTERY,1857
17,BATTERY,1066
18,BATTERY,455
19,BATTERY,3455
20,BATTERY,1034
21,BATTERY,1334
22,BATTERY,2504
23,BATTERY,6155
24,BATTERY,3506
25,BATTERY,13482
26,BATTERY,4291
27,BATTERY,4188
28,BATTERY,4585
29,BATTERY,7591
30,BATTERY,3759
31,BATTERY,1739
32,BATTERY,3149
33,BATTERY,1071
34,BATTERY,725
35,BATTERY,1916
36,BATTERY,460
37,BATTERY,594
38,BATTERY,2669
39,BATTERY,967
40,BATTERY,2425
41,BATTERY,743
42,BATTERY,3045
43,BATTERY,7714
44,BATTERY,5036
45,BATTERY,984
46,BATTERY,3954
47,BATTERY,283
48,BATTERY,913
49,BATTERY,5371
50,BATTERY,832
51,BATTERY,1362
52,BATTERY,997
53,BATTERY,3344
54,BATTERY,1332
55,BATTERY,460
56,BATTERY,1000
57,BATTERY,522
58,BATTERY,1927
59,BATTERY,559
60,BATTERY,923
61,BATTERY,3922
62,BATTERY,533
63,BATTERY,1691
64,BATTERY,578
65,BATTERY,1031
66,BATTERY,4754
67,BATTERY,6195
68,BATTERY,5841
69,BATTERY,6048
70,BATTERY,1610
71,BATTERY,6464
72,BATTERY,382
73,BATTERY,2270
74,BATTERY,358
75,BATTERY,1374
76,BATTERY,692
77,BATTERY,1584
BURGLARY,,
1,BURGLARY,638
2,BURGLARY,768
3,BURGLARY,451
4,BURGLARY,380
5,BURGLARY,375
6,BURGLARY,1132
7,BURGLARY,819
8,BURGLARY,985
9,BURGLARY,46
10,BURGLARY,270
11,BURGLARY,222
12,BURGLARY,182
13,BURGLARY,223
14,BURGLARY,469
15,BURGLARY,723
16,BURGLARY,620
17,BURGLARY,484
18,BURGLARY,139
19,BURGLARY,892
20,BURGLARY,348
21,BURGLARY,501
22,BURGLARY,1106
23,BURGLARY,1087
24,BURGLARY,1873
25,BURGLARY,1804
26,BURGLARY,457
27,BURGLARY,487
28,BURGLARY,1051
29,BURGLARY,936
30,BURGLARY,639
31,BURGLARY,428
32,BURGLARY,549
33,BURGLARY,193
34,BURGLARY,153
35,BURGLARY,202
36,BURGLARY,83
37,BURGLARY,92
38,BURGLARY,485
39,BURGLARY,227
40,BURGLARY,546
41,BURGLARY,403
42,BURGLARY,884
43,BURGLARY,2189
44,BURGLARY,1339
45,BURGLARY,284
46,BURGLARY,953
47,BURGLARY,71
48,BURGLARY,319
49,BURGLARY,1406
50,BURGLARY,160
51,BURGLARY,283
52,BURGLARY,186
53,BURGLARY,851
54,BURGLARY,202
55,BURGLARY,92
56,BURGLARY,447
57,BURGLARY,215
58,BURGLARY,516
59,BURGLARY,193
60,BURGLARY,373
61,BURGLARY,835
62,BURGLARY,339
63,BURGLARY,553
64,BURGLARY,273
65,BURGLARY,462
66,BURGLARY,1523
67,BURGLARY,1274
68,BURGLARY,1036
69,BURGLARY,1217
70,BURGLARY,654
71,BURGLARY,1567
72,BURGLARY,279
73,BURGLARY,620
74,BURGLARY,93
75,BURGLARY,383
76,BURGLARY,54
77,BURGLARY,413
CONCEALED CARRY LICENSE VIOLATION,,
1,CONCEALED CARRY LICENSE VIOLATION,0
2,CONCEALED CARRY LICENSE VIOLATION,1
3,CONCEALED CARRY LICENSE VIOLATION,2
4,CONCEALED CARRY LICENSE VIOLATION,2
5,CONCEALED CARRY LICENSE VIOLATION,0
6,CONCEALED CARRY LICENSE VIOLATION,4
7,CONCEALED CARRY LICENSE VIOLATION,2
8,CONCEALED CARRY LICENSE VIOLATION,6
9,CONCEALED CARRY LICENSE VIOLATION,0
10,CONCEALED CARRY LICENSE VIOLATION,0
11,CONCEALED CARRY LICENSE VIOLATION,1
12,CONCEALED CARRY LICENSE VIOLATION,0
13,CONCEALED CARRY LICENSE VIOLATION,0
14,CONCEALED CARRY LICENSE VIOLATION,1
15,CONCEALED CARRY LICENSE VIOLATION,3
16,CONCEALED CARRY LICENSE VIOLATION,0
17,CONCEALED CARRY LICENSE VIOLATION,0
18,CONCEALED CARRY LICENSE VIOLATION,0
19,CONCEALED CARRY LICENSE VIOLATION,10
20,CONCEALED CARRY LICENSE VIOLATION,1
21,CONCEALED CARRY LICENSE VIOLATION,1
22,CONCEALED CARRY LICENSE VIOLATION,3
23,CONCEALED CARRY LICENSE VIOLATION,3
24,CONCEALED CARRY LICENSE VIOLATION,4
25,CONCEALED CARRY LICENSE VIOLATION,16
26,CONCEALED CARRY LICENSE VIOLATION,13
27,CONCEALED CARRY LICENSE VIOLATION,10
28,CONCEALED CARRY LICENSE VIOLATION,4
29,CONCEALED CARRY LICENSE VIOLATION,25
30,CONCEALED CARRY LICENSE VIOLATION,7
31,CONCEALED CARRY LICENSE VIOLATION,2
32,CONCEALED CARRY LICENSE VIOLATION,4
33,CONCEALED CARRY LICENSE VIOLATION,1
34,CONCEALED CARRY LICENSE VIOLATION,1
35,CONCEALED CARRY LICENSE VIOLATION,4
36,CONCEALED CARRY LICENSE VIOLATION,0
37,CONCEALED CARRY LICENSE VIOLATION,0
38,CONCEALED CARRY LICENSE VIOLATION,2
39,CONCEALED CARRY LICENSE VIOLATION,0
40,CONCEALED CARRY LICENSE VIOLATION,1
41,CONCEALED CARRY LICENSE VIOLATION,0
42,CONCEALED CARRY LICENSE VIOLATION,3
43,CONCEALED CARRY LICENSE VIOLATION,5
44,CONCEALED CARRY LICENSE VIOLATION,14
45,CONCEALED CARRY LICENSE VIOLATION,1
46,CONCEALED CARRY LICENSE VIOLATION,9
47,CONCEALED CARRY LICENSE VIOLATION,1
48,CONCEALED CARRY LICENSE VIOLATION,1
49,CONCEALED CARRY LICENSE VIOLATION,6
50,CONCEALED CARRY LICENSE VIOLATION,1
51,CONCEALED CARRY LICENSE VIOLATION,5
52,CONCEALED CARRY LICENSE VIOLATION,2
53,CONCEALED CARRY LICENSE VIOLATION,7
54,CONCEALED CARRY LICENSE VIOLATION,0
55,CONCEALED CARRY LICENSE VIOLATION,1
56,CONCEALED CARRY LICENSE VIOLATION,43
57,CONCEALED CARRY LICENSE VIOLATION,0
58,CONCEALED CARRY LICENSE VIOLATION,1
59,CONCEALED CARRY LICENSE VIOLATION,4
60,CONCEALED CARRY LICENSE VIOLATION,2
61,CONCEALED CARRY LICENSE VIOLATION,5
62,CONCEALED CARRY LICENSE VIOLATION,0
63,CONCEALED CARRY LICENSE VIOLATION,6
64,CONCEALED CARRY LICENSE VIOLATION,1
65,CONCEALED CARRY LICENSE VIOLATION,2
66,CONCEALED CARRY LICENSE VIOLATION,4
67,CONCEALED CARRY LICENSE VIOLATION,21
68,CONCEALED CARRY LICENSE VIOLATION,14
69,CONCEALED CARRY LICENSE VIOLATION,10
70,CONCEALED CARRY LICENSE VIOLATION,0
71,CONCEALED CARRY LICENSE VIOLATION,13
72,CONCEALED CARRY LICENSE VIOLATION,0
73,CONCEALED CARRY LICENSE VIOLATION,2
74,CONCEALED CARRY LICENSE VIOLATION,2
75,CONCEALED CARRY LICENSE VIOLATION,2
76,CONCEALED CARRY LICENSE VIOLATION,42
77,CONCEALED CARRY LICENSE VIOLATION,1
CRIM SEXUAL ASSAULT,,
1,CRIM SEXUAL ASSAULT,85
2,CRIM SEXUAL ASSAULT,50
3,CRIM SEXUAL ASSAULT,94
4,CRIM SEXUAL ASSAULT,41
5,CRIM SEXUAL ASSAULT,23
6,CRIM SEXUAL ASSAULT,131
7,CRIM SEXUAL ASSAULT,66
8,CRIM SEXUAL ASSAULT,197
9,CRIM SEXUAL ASSAULT,6
10,CRIM SEXUAL ASSAULT,17
11,CRIM SEXUAL ASSAULT,12
12,CRIM SEXUAL ASSAULT,2
13,CRIM SEXUAL ASSAULT,15
14,CRIM SEXUAL ASSAULT,40
15,CRIM SEXUAL ASSAULT,56
16,CRIM SEXUAL ASSAULT,45
17,CRIM SEXUAL ASSAULT,24
18,CRIM SEXUAL ASSAULT,8
19,CRIM SEXUAL ASSAULT,76
20,CRIM SEXUAL ASSAULT,27
21,CRIM SEXUAL ASSAULT,35
22,CRIM SEXUAL ASSAULT,81
23,CRIM SEXUAL ASSAULT,116
24,CRIM SEXUAL ASSAULT,92
25,CRIM SEXUAL ASSAULT,261
26,CRIM SEXUAL ASSAULT,100
27,CRIM SEXUAL ASSAULT,73
28,CRIM SEXUAL ASSAULT,138
29,CRIM SEXUAL ASSAULT,127
30,CRIM SEXUAL ASSAULT,80
31,CRIM SEXUAL ASSAULT,44
32,CRIM SEXUAL ASSAULT,81
33,CRIM SEXUAL ASSAULT,28
34,CRIM SEXUAL ASSAULT,10
35,CRIM SEXUAL ASSAULT,42
36,CRIM SEXUAL ASSAULT,10
37,CRIM SEXUAL ASSAULT,17
38,CRIM SEXUAL ASSAULT,49
39,CRIM SEXUAL ASSAULT,22
40,CRIM SEXUAL ASSAULT,37
41,CRIM SEXUAL ASSAULT,36
42,CRIM SEXUAL ASSAULT,46
43,CRIM SEXUAL ASSAULT,171
44,CRIM SEXUAL ASSAULT,74
45,CRIM SEXUAL ASSAULT,22
46,CRIM SEXUAL ASSAULT,68
47,CRIM SEXUAL ASSAULT,4
48,CRIM SEXUAL ASSAULT,21
49,CRIM SEXUAL ASSAULT,124
50,CRIM SEXUAL ASSAULT,18
51,CRIM SEXUAL ASSAULT,24
52,CRIM SEXUAL ASSAULT,9
53,CRIM SEXUAL ASSAULT,75
54,CRIM SEXUAL ASSAULT,20
55,CRIM SEXUAL ASSAULT,7
56,CRIM SEXUAL ASSAULT,27
57,CRIM SEXUAL ASSAULT,16
58,CRIM SEXUAL ASSAULT,40
59,CRIM SEXUAL ASSAULT,10
60,CRIM SEXUAL ASSAULT,16
61,CRIM SEXUAL ASSAULT,65
62,CRIM SEXUAL ASSAULT,10
63,CRIM SEXUAL ASSAULT,42
64,CRIM SEXUAL ASSAULT,15
65,CRIM SEXUAL ASSAULT,17
66,CRIM SEXUAL ASSAULT,87
67,CRIM SEXUAL ASSAULT,100
68,CRIM SEXUAL ASSAULT,87
69,CRIM SEXUAL ASSAULT,121
70,CRIM SEXUAL ASSAULT,35
71,CRIM SEXUAL ASSAULT,122
72,CRIM SEXUAL ASSAULT,6
73,CRIM SEXUAL ASSAULT,47
74,CRIM SEXUAL ASSAULT,8
75,CRIM SEXUAL ASSAULT,19
76,CRIM SEXUAL ASSAULT,13
77,CRIM SEXUAL ASSAULT,66
CRIMINAL SEXUAL ASSAULT,,
1,CRIMINAL SEXUAL ASSAULT,43
2,CRIMINAL SEXUAL ASSAULT,20
3,CRIMINAL SEXUAL ASSAULT,39
4,CRIMINAL SEXUAL ASSAULT,29
5,CRIMINAL SEXUAL ASSAULT,7
6,CRIMINAL SEXUAL ASSAULT,57
7,CRIMINAL SEXUAL ASSAULT,24
8,CRIMINAL SEXUAL ASSAULT,109
9,CRIMINAL SEXUAL ASSAULT,2
10,CRIMINAL SEXUAL ASSAULT,4
11,CRIMINAL SEXUAL ASSAULT,3
12,CRIMINAL SEXUAL ASSAULT,4
13,CRIMINAL SEXUAL ASSAULT,12
14,CRIMINAL SEXUAL ASSAULT,23
15,CRIMINAL SEXUAL ASSAULT,14
16,CRIMINAL SEXUAL ASSAULT,21
17,CRIMINAL SEXUAL ASSAULT,5
18,CRIMINAL SEXUAL ASSAULT,6
19,CRIMINAL SEXUAL ASSAULT,28
20,CRIMINAL SEXUAL ASSAULT,11
21,CRIMINAL SEXUAL ASSAULT,8
22,CRIMINAL SEXUAL ASSAULT,30
23,CRIMINAL SEXUAL ASSAULT,54
24,CRIMINAL SEXUAL ASSAULT,48
25,CRIMINAL SEXUAL ASSAULT,121
26,CRIMINAL SEXUAL ASSAULT,43
27,CRIMINAL SEXUAL ASSAULT,33
28,CRIMINAL SEXUAL ASSAULT,61
29,CRIMINAL SEXUAL ASSAULT,57
30,CRIMINAL SEXUAL ASSAULT,38
31,CRIMINAL SEXUAL ASSAULT,24
32,CRIMINAL SEXUAL ASSAULT,44
33,CRIMINAL SEXUAL ASSAULT,20
34,CRIMINAL SEXUAL ASSAULT,4
35,CRIMINAL SEXUAL ASSAULT,20
36,CRIMINAL SEXUAL ASSAULT,6
37,CRIMINAL SEXUAL ASSAULT,3
38,CRIMINAL SEXUAL ASSAULT,22
39,CRIMINAL SEXUAL ASSAULT,9
40,CRIMINAL SEXUAL ASSAULT,16
41,CRIMINAL SEXUAL ASSAULT,10
42,CRIMINAL SEXUAL ASSAULT,31
43,CRIMINAL SEXUAL ASSAULT,67
44,CRIMINAL SEXUAL ASSAULT,31
45,CRIMINAL SEXUAL ASSAULT,6
46,CRIMINAL SEXUAL ASSAULT,35
47,CRIMINAL SEXUAL ASSAULT,2
48,CRIMINAL SEXUAL ASSAULT,13
49,CRIMINAL SEXUAL ASSAULT,44
50,CRIMINAL SEXUAL ASSAULT,3
51,CRIMINAL SEXUAL ASSAULT,5
52,CRIMINAL SEXUAL ASSAULT,2
53,CRIMINAL SEXUAL ASSAULT,27
54,CRIMINAL SEXUAL ASSAULT,6
55,CRIMINAL SEXUAL ASSAULT,3
56,CRIMINAL SEXUAL ASSAULT,17
57,CRIMINAL SEXUAL ASSAULT,15
58,CRIMINAL SEXUAL ASSAULT,17
59,CRIMINAL SEXUAL ASSAULT,5
60,CRIMINAL SEXUAL ASSAULT,8
61,CRIMINAL SEXUAL ASSAULT,38
62,CRIMINAL SEXUAL ASSAULT,3
63,CRIMINAL SEXUAL ASSAULT,15
64,CRIMINAL SEXUAL ASSAULT,4
65,CRIMINAL SEXUAL ASSAULT,8
66,CRIMINAL SEXUAL ASSAULT,28
67,CRIMINAL SEXUAL ASSAULT,48
68,CRIMINAL SEXUAL ASSAULT,43
69,CRIMINAL SEXUAL ASSAULT,48
70,CRIMINAL SEXUAL ASSAULT,16
71,CRIMINAL SEXUAL ASSAULT,51
72,CRIMINAL SEXUAL ASSAULT,2
73,CRIMINAL SEXUAL ASSAULT,24
74,CRIMINAL SEXUAL ASSAULT,1
75,CRIMINAL SEXUAL ASSAULT,8
76,CRIMINAL SEXUAL ASSAULT,4
77,CRIMINAL SEXUAL ASSAULT,24
CRIMINAL DAMAGE,,
1,CRIMINAL DAMAGE,1754
2,CRIMINAL DAMAGE,1685
3,CRIMINAL DAMAGE,1143
4,CRIMINAL DAMAGE,855
5,CRIMINAL DAMAGE,551
6,CRIMINAL DAMAGE,1736
7,CRIMINAL DAMAGE,1478
8,CRIMINAL DAMAGE,2110
9,CRIMINAL DAMAGE,127
10,CRIMINAL DAMAGE,597
11,CRIMINAL DAMAGE,453
12,CRIMINAL DAMAGE,229
13,CRIMINAL DAMAGE,401
14,CRIMINAL DAMAGE,1228
15,CRIMINAL DAMAGE,1520
16,CRIMINAL DAMAGE,1437
17,CRIMINAL DAMAGE,833
18,CRIMINAL DAMAGE,335
19,CRIMINAL DAMAGE,2006
20,CRIMINAL DAMAGE,694
21,CRIMINAL DAMAGE,1032
22,CRIMINAL DAMAGE,2108
23,CRIMINAL DAMAGE,2932
24,CRIMINAL DAMAGE,3242
25,CRIMINAL DAMAGE,6202
26,CRIMINAL DAMAGE,1797
27,CRIMINAL DAMAGE,1677
28,CRIMINAL DAMAGE,3124
29,CRIMINAL DAMAGE,3303
30,CRIMINAL DAMAGE,1979
31,CRIMINAL DAMAGE,1339
32,CRIMINAL DAMAGE,1434
33,CRIMINAL DAMAGE,629
34,CRIMINAL DAMAGE,398
35,CRIMINAL DAMAGE,905
36,CRIMINAL DAMAGE,335
37,CRIMINAL DAMAGE,338
38,CRIMINAL DAMAGE,1532
39,CRIMINAL DAMAGE,606
40,CRIMINAL DAMAGE,1242
41,CRIMINAL DAMAGE,606
42,CRIMINAL DAMAGE,1624
43,CRIMINAL DAMAGE,3781
44,CRIMINAL DAMAGE,2542
45,CRIMINAL DAMAGE,589
46,CRIMINAL DAMAGE,2052
47,CRIMINAL DAMAGE,225
48,CRIMINAL DAMAGE,685
49,CRIMINAL DAMAGE,3352
50,CRIMINAL DAMAGE,526
51,CRIMINAL DAMAGE,836
52,CRIMINAL DAMAGE,747
53,CRIMINAL DAMAGE,2151
54,CRIMINAL DAMAGE,663
55,CRIMINAL DAMAGE,300
56,CRIMINAL DAMAGE,1058
57,CRIMINAL DAMAGE,400
58,CRIMINAL DAMAGE,1198
59,CRIMINAL DAMAGE,585
60,CRIMINAL DAMAGE,871
61,CRIMINAL DAMAGE,1933
62,CRIMINAL DAMAGE,529
63,CRIMINAL DAMAGE,1129
64,CRIMINAL DAMAGE,524
65,CRIMINAL DAMAGE,987
66,CRIMINAL DAMAGE,2721
67,CRIMINAL DAMAGE,2988
68,CRIMINAL DAMAGE,2558
69,CRIMINAL DAMAGE,3070
70,CRIMINAL DAMAGE,1297
71,CRIMINAL DAMAGE,3471
72,CRIMINAL DAMAGE,475
73,CRIMINAL DAMAGE,1542
74,CRIMINAL DAMAGE,255
75,CRIMINAL DAMAGE,912
76,CRIMINAL DAMAGE,395
77,CRIMINAL DAMAGE,831
CRIMINAL TRESPASS,,
1,CRIMINAL TRESPASS,458
2,CRIMINAL TRESPASS,307
3,CRIMINAL TRESPASS,423
4,CRIMINAL TRESPASS,222
5,CRIMINAL TRESPASS,134
6,CRIMINAL TRESPASS,676
7,CRIMINAL TRESPASS,360
8,CRIMINAL TRESPASS,1135
9,CRIMINAL TRESPASS,40
10,CRIMINAL TRESPASS,134
11,CRIMINAL TRESPASS,110
12,CRIMINAL TRESPASS,81
13,CRIMINAL TRESPASS,77
14,CRIMINAL TRESPASS,167
15,CRIMINAL TRESPASS,254
16,CRIMINAL TRESPASS,186
17,CRIMINAL TRESPASS,150
18,CRIMINAL TRESPASS,37
19,CRIMINAL TRESPASS,339
20,CRIMINAL TRESPASS,82
21,CRIMINAL TRESPASS,152
22,CRIMINAL TRESPASS,383
23,CRIMINAL TRESPASS,547
24,CRIMINAL TRESPASS,547
25,CRIMINAL TRESPASS,1092
26,CRIMINAL TRESPASS,393
27,CRIMINAL TRESPASS,443
28,CRIMINAL TRESPASS,966
29,CRIMINAL TRESPASS,680
30,CRIMINAL TRESPASS,239
31,CRIMINAL TRESPASS,217
32,CRIMINAL TRESPASS,1010
33,CRIMINAL TRESPASS,305
34,CRIMINAL TRESPASS,120
35,CRIMINAL TRESPASS,344
36,CRIMINAL TRESPASS,62
37,CRIMINAL TRESPASS,107
38,CRIMINAL TRESPASS,227
39,CRIMINAL TRESPASS,107
40,CRIMINAL TRESPASS,190
41,CRIMINAL TRESPASS,127
42,CRIMINAL TRESPASS,313
43,CRIMINAL TRESPASS,624
44,CRIMINAL TRESPASS,614
45,CRIMINAL TRESPASS,107
46,CRIMINAL TRESPASS,390
47,CRIMINAL TRESPASS,24
48,CRIMINAL TRESPASS,105
49,CRIMINAL TRESPASS,609
50,CRIMINAL TRESPASS,97
51,CRIMINAL TRESPASS,204
52,CRIMINAL TRESPASS,95
53,CRIMINAL TRESPASS,278
54,CRIMINAL TRESPASS,152
55,CRIMINAL TRESPASS,48
56,CRIMINAL TRESPASS,147
57,CRIMINAL TRESPASS,55
58,CRIMINAL TRESPASS,113
59,CRIMINAL TRESPASS,64
60,CRIMINAL TRESPASS,132
61,CRIMINAL TRESPASS,296
62,CRIMINAL TRESPASS,88
63,CRIMINAL TRESPASS,136
64,CRIMINAL TRESPASS,71
65,CRIMINAL TRESPASS,107
66,CRIMINAL TRESPASS,437
67,CRIMINAL TRESPASS,471
68,CRIMINAL TRESPASS,497
69,CRIMINAL TRESPASS,563
70,CRIMINAL TRESPASS,186
71,CRIMINAL TRESPASS,732
72,CRIMINAL TRESPASS,115
73,CRIMINAL TRESPASS,308
74,CRIMINAL TRESPASS,74
75,CRIMINAL TRESPASS,152
76,CRIMINAL TRESPASS,493
77,CRIMINAL TRESPASS,258
DECEPTIVE PRACTICE,,
1,DECEPTIVE PRACTICE,953
2,DECEPTIVE PRACTICE,981
3,DECEPTIVE PRACTICE,1314
4,DECEPTIVE PRACTICE,743
5,DECEPTIVE PRACTICE,650
6,DECEPTIVE PRACTICE,2400
7,DECEPTIVE PRACTICE,1559
8,DECEPTIVE PRACTICE,5133
9,DECEPTIVE PRACTICE,133
10,DECEPTIVE PRACTICE,512
11,DECEPTIVE PRACTICE,396
12,DECEPTIVE PRACTICE,238
13,DECEPTIVE PRACTICE,260
14,DECEPTIVE PRACTICE,473
15,DECEPTIVE PRACTICE,879
16,DECEPTIVE PRACTICE,761
17,DECEPTIVE PRACTICE,495
18,DECEPTIVE PRACTICE,169
19,DECEPTIVE PRACTICE,962
20,DECEPTIVE PRACTICE,304
21,DECEPTIVE PRACTICE,586
22,DECEPTIVE PRACTICE,1290
23,DECEPTIVE PRACTICE,985
24,DECEPTIVE PRACTICE,1862
25,DECEPTIVE PRACTICE,2626
26,DECEPTIVE PRACTICE,608
27,DECEPTIVE PRACTICE,522
28,DECEPTIVE PRACTICE,2624
29,DECEPTIVE PRACTICE,1006
30,DECEPTIVE PRACTICE,695
31,DECEPTIVE PRACTICE,466
32,DECEPTIVE PRACTICE,4230
33,DECEPTIVE PRACTICE,925
34,DECEPTIVE PRACTICE,343
35,DECEPTIVE PRACTICE,665
36,DECEPTIVE PRACTICE,154
37,DECEPTIVE PRACTICE,196
38,DECEPTIVE PRACTICE,691
39,DECEPTIVE PRACTICE,415
40,DECEPTIVE PRACTICE,357
41,DECEPTIVE PRACTICE,579
42,DECEPTIVE PRACTICE,612
43,DECEPTIVE PRACTICE,1497
44,DECEPTIVE PRACTICE,1263
45,DECEPTIVE PRACTICE,277
46,DECEPTIVE PRACTICE,648
47,DECEPTIVE PRACTICE,70
48,DECEPTIVE PRACTICE,386
49,DECEPTIVE PRACTICE,1107
50,DECEPTIVE PRACTICE,217
51,DECEPTIVE PRACTICE,368
52,DECEPTIVE PRACTICE,211
53,DECEPTIVE PRACTICE,676
54,DECEPTIVE PRACTICE,121
55,DECEPTIVE PRACTICE,133
56,DECEPTIVE PRACTICE,725
57,DECEPTIVE PRACTICE,195
58,DECEPTIVE PRACTICE,435
59,DECEPTIVE PRACTICE,190
60,DECEPTIVE PRACTICE,411
61,DECEPTIVE PRACTICE,670
62,DECEPTIVE PRACTICE,228
63,DECEPTIVE PRACTICE,341
64,DECEPTIVE PRACTICE,324
65,DECEPTIVE PRACTICE,456
66,DECEPTIVE PRACTICE,965
67,DECEPTIVE PRACTICE,913
68,DECEPTIVE PRACTICE,755
69,DECEPTIVE PRACTICE,1006
70,DECEPTIVE PRACTICE,630
71,DECEPTIVE PRACTICE,1316
72,DECEPTIVE PRACTICE,422
73,DECEPTIVE PRACTICE,780
74,DECEPTIVE PRACTICE,255
75,DECEPTIVE PRACTICE,610
76,DECEPTIVE PRACTICE,763
77,DECEPTIVE PRACTICE,970
GAMBLING,,
1,GAMBLING,3
2,GAMBLING,4
3,GAMBLING,4
4,GAMBLING,2
5,GAMBLING,0
6,GAMBLING,0
7,GAMBLING,1
8,GAMBLING,6
9,GAMBLING,0
10,GAMBLING,1
11,GAMBLING,1
12,GAMBLING,0
13,GAMBLING,0
14,GAMBLING,4
15,GAMBLING,0
16,GAMBLING,1
17,GAMBLING,7
18,GAMBLING,0
19,GAMBLING,0
20,GAMBLING,0
21,GAMBLING,1
22,GAMBLING,0
23,GAMBLING,58
24,GAMBLING,0
25,GAMBLING,129
26,GAMBLING,43
27,GAMBLING,43
28,GAMBLING,11
29,GAMBLING,99
30,GAMBLING,1
31,GAMBLING,0
32,GAMBLING,0
33,GAMBLING,1
34,GAMBLING,2
35,GAMBLING,0
36,GAMBLING,1
37,GAMBLING,1
38,GAMBLING,3
39,GAMBLING,0
40,GAMBLING,5
41,GAMBLING,1
42,GAMBLING,11
43,GAMBLING,12
44,GAMBLING,7
45,GAMBLING,2
46,GAMBLING,11
47,GAMBLING,4
48,GAMBLING,1
49,GAMBLING,21
50,GAMBLING,3
51,GAMBLING,0
52,GAMBLING,0
53,GAMBLING,1
54,GAMBLING,0
55,GAMBLING,0
56,GAMBLING,0
57,GAMBLING,0
58,GAMBLING,0
59,GAMBLING,0
60,GAMBLING,2
61,GAMBLING,14
62,GAMBLING,1
63,GAMBLING,0
64,GAMBLING,2
65,GAMBLING,2
66,GAMBLING,49
67,GAMBLING,66
68,GAMBLING,58
69,GAMBLING,15
70,GAMBLING,7
71,GAMBLING,26
72,GAMBLING,0
73,GAMBLING,8
74,GAMBLING,0
75,GAMBLING,2
76,GAMBLING,0
77,GAMBLING,1
HOMICIDE,,
1,HOMICIDE,20
2,HOMICIDE,16
3,HOMICIDE,15
4,HOMICIDE,2
5,HOMICIDE,4
6,HOMICIDE,3
7,HOMICIDE,6
8,HOMICIDE,19
9,HOMICIDE,1
10,HOMICIDE,1
11,HOMICIDE,0
12,HOMICIDE,0
13,HOMICIDE,2
14,HOMICIDE,10
15,HOMICIDE,11
16,HOMICIDE,9
17,HOMICIDE,10
18,HOMICIDE,2
19,HOMICIDE,18
20,HOMICIDE,4
21,HOMICIDE,10
22,HOMICIDE,12
23,HOMICIDE,98
24,HOMICIDE,22
25,HOMICIDE,176
26,HOMICIDE,81
27,HOMICIDE,58
28,HOMICIDE,27
29,HOMICIDE,81
30,HOMICIDE,49
31,HOMICIDE,19
32,HOMICIDE,6
33,HOMICIDE,6
34,HOMICIDE,8
35,HOMICIDE,11
36,HOMICIDE,4
37,HOMICIDE,8
38,HOMICIDE,21
39,HOMICIDE,5
40,HOMICIDE,36
41,HOMICIDE,3
42,HOMICIDE,28
43,HOMICIDE,84
44,HOMICIDE,56
45,HOMICIDE,15
46,HOMICIDE,48
47,HOMICIDE,4
48,HOMICIDE,6
49,HOMICIDE,71
50,HOMICIDE,8
51,HOMICIDE,19
52,HOMICIDE,18
53,HOMICIDE,44
54,HOMICIDE,22
55,HOMICIDE,1
56,HOMICIDE,7
57,HOMICIDE,1
58,HOMICIDE,19
59,HOMICIDE,8
60,HOMICIDE,2
61,HOMICIDE,42
62,HOMICIDE,4
63,HOMICIDE,20
64,HOMICIDE,4
65,HOMICIDE,4
66,HOMICIDE,54
67,HOMICIDE,86
68,HOMICIDE,92
69,HOMICIDE,58
70,HOMICIDE,11
71,HOMICIDE,75
72,HOMICIDE,3
73,HOMICIDE,19
74,HOMICIDE,1
75,HOMICIDE,20
76,HOMICIDE,0
77,HOMICIDE,4
HUMAN TRAFFICKING,,
1,HUMAN TRAFFICKING,1
2,HUMAN TRAFFICKING,0
3,HUMAN TRAFFICKING,0
4,HUMAN TRAFFICKING,0
5,HUMAN TRAFFICKING,0
6,HUMAN TRAFFICKING,0
7,HUMAN TRAFFICKING,1
8,HUMAN TRAFFICKING,1
9,HUMAN TRAFFICKING,0
10,HUMAN TRAFFICKING,0
11,HUMAN TRAFFICKING,0
12,HUMAN TRAFFICKING,0
13,HUMAN TRAFFICKING,0
14,HUMAN TRAFFICKING,1
15,HUMAN TRAFFICKING,1
16,HUMAN TRAFFICKING,0
17,HUMAN TRAFFICKING,0
18,HUMAN TRAFFICKING,0
19,HUMAN TRAFFICKING,0
20,HUMAN TRAFFICKING,0
21,HUMAN TRAFFICKING,0
22,HUMAN TRAFFICKING,0
23,HUMAN TRAFFICKING,1
24,HUMAN TRAFFICKING,0
25,HUMAN TRAFFICKING,3
26,HUMAN TRAFFICKING,2
27,HUMAN TRAFFICKING,0
28,HUMAN TRAFFICKING,6
29,HUMAN TRAFFICKING,1
30,HUMAN TRAFFICKING,0
31,HUMAN TRAFFICKING,0
32,HUMAN TRAFFICKING,2
33,HUMAN TRAFFICKING,0
34,HUMAN TRAFFICKING,0
35,HUMAN TRAFFICKING,1
36,HUMAN TRAFFICKING,0
37,HUMAN TRAFFICKING,0
38,HUMAN TRAFFICKING,1
39,HUMAN TRAFFICKING,0
40,HUMAN TRAFFICKING,1
41,HUMAN TRAFFICKING,1
42,HUMAN TRAFFICKING,1
43,HUMAN TRAFFICKING,1
44,HUMAN TRAFFICKING,0
45,HUMAN TRAFFICKING,0
46,HUMAN TRAFFICKING,2
47,HUMAN TRAFFICKING,0
48,HUMAN TRAFFICKING,0
49,HUMAN TRAFFICKING,3
50,HUMAN TRAFFICKING,0
51,HUMAN TRAFFICKING,0
52,HUMAN TRAFFICKING,0
53,HUMAN TRAFFICKING,0
54,HUMAN TRAFFICKING,0
55,HUMAN TRAFFICKING,0
56,HUMAN TRAFFICKING,0
57,HUMAN TRAFFICKING,0
58,HUMAN TRAFFICKING,0
59,HUMAN TRAFFICKING,1
60,HUMAN TRAFFICKING,1
61,HUMAN TRAFFICKING,0
62,HUMAN TRAFFICKING,0
63,HUMAN TRAFFICKING,0
64,HUMAN TRAFFICKING,0
65,HUMAN TRAFFICKING,0
66,HUMAN TRAFFICKING,0
67,HUMAN TRAFFICKING,5
68,HUMAN TRAFFICKING,1
69,HUMAN TRAFFICKING,1
70,HUMAN TRAFFICKING,0
71,HUMAN TRAFFICKING,2
72,HUMAN TRAFFICKING,0
73,HUMAN TRAFFICKING,0
74,HUMAN TRAFFICKING,0
75,HUMAN TRAFFICKING,0
76,HUMAN TRAFFICKING,0
77,HUMAN TRAFFICKING,0
INTERFERENCE WITH PUBLIC OFFICER,,
1,INTERFERENCE WITH PUBLIC OFFICER,47
2,INTERFERENCE WITH PUBLIC OFFICER,18
3,INTERFERENCE WITH PUBLIC OFFICER,29
4,INTERFERENCE WITH PUBLIC OFFICER,16
5,INTERFERENCE WITH PUBLIC OFFICER,5
6,INTERFERENCE WITH PUBLIC OFFICER,49
7,INTERFERENCE WITH PUBLIC OFFICER,5
8,INTERFERENCE WITH PUBLIC OFFICER,96
9,INTERFERENCE WITH PUBLIC OFFICER,0
10,INTERFERENCE WITH PUBLIC OFFICER,9
11,INTERFERENCE WITH PUBLIC OFFICER,16
12,INTERFERENCE WITH PUBLIC OFFICER,1
13,INTERFERENCE WITH PUBLIC OFFICER,1
14,INTERFERENCE WITH PUBLIC OFFICER,10
15,INTERFERENCE WITH PUBLIC OFFICER,23
16,INTERFERENCE WITH PUBLIC OFFICER,16
17,INTERFERENCE WITH PUBLIC OFFICER,11
18,INTERFERENCE WITH PUBLIC OFFICER,4
19,INTERFERENCE WITH PUBLIC OFFICER,77
20,INTERFERENCE WITH PUBLIC OFFICER,15
21,INTERFERENCE WITH PUBLIC OFFICER,8
22,INTERFERENCE WITH PUBLIC OFFICER,28
23,INTERFERENCE WITH PUBLIC OFFICER,175
24,INTERFERENCE WITH PUBLIC OFFICER,37
25,INTERFERENCE WITH PUBLIC OFFICER,344
26,INTERFERENCE WITH PUBLIC OFFICER,207
27,INTERFERENCE WITH PUBLIC OFFICER,132
28,INTERFERENCE WITH PUBLIC OFFICER,53
29,INTERFERENCE WITH PUBLIC OFFICER,158
30,INTERFERENCE WITH PUBLIC OFFICER,67
31,INTERFERENCE WITH PUBLIC OFFICER,20
32,INTERFERENCE WITH PUBLIC OFFICER,45
33,INTERFERENCE WITH PUBLIC OFFICER,14
34,INTERFERENCE WITH PUBLIC OFFICER,7
35,INTERFERENCE WITH PUBLIC OFFICER,26
36,INTERFERENCE WITH PUBLIC OFFICER,3
37,INTERFERENCE WITH PUBLIC OFFICER,36
38,INTERFERENCE WITH PUBLIC OFFICER,45
39,INTERFERENCE WITH PUBLIC OFFICER,3
40,INTERFERENCE WITH PUBLIC OFFICER,31
41,INTERFERENCE WITH PUBLIC OFFICER,8
42,INTERFERENCE WITH PUBLIC OFFICER,87
43,INTERFERENCE WITH PUBLIC OFFICER,182
44,INTERFERENCE WITH PUBLIC OFFICER,105
45,INTERFERENCE WITH PUBLIC OFFICER,29
46,INTERFERENCE WITH PUBLIC OFFICER,148
47,INTERFERENCE WITH PUBLIC OFFICER,9
48,INTERFERENCE WITH PUBLIC OFFICER,38
49,INTERFERENCE WITH PUBLIC OFFICER,179
50,INTERFERENCE WITH PUBLIC OFFICER,23
51,INTERFERENCE WITH PUBLIC OFFICER,37
52,INTERFERENCE WITH PUBLIC OFFICER,20
53,INTERFERENCE WITH PUBLIC OFFICER,112
54,INTERFERENCE WITH PUBLIC OFFICER,26
55,INTERFERENCE WITH PUBLIC OFFICER,8
56,INTERFERENCE WITH PUBLIC OFFICER,11
57,INTERFERENCE WITH PUBLIC OFFICER,5
58,INTERFERENCE WITH PUBLIC OFFICER,35
59,INTERFERENCE WITH PUBLIC OFFICER,16
60,INTERFERENCE WITH PUBLIC OFFICER,13
61,INTERFERENCE WITH PUBLIC OFFICER,129
62,INTERFERENCE WITH PUBLIC OFFICER,3
63,INTERFERENCE WITH PUBLIC OFFICER,33
64,INTERFERENCE WITH PUBLIC OFFICER,7
65,INTERFERENCE WITH PUBLIC OFFICER,6
66,INTERFERENCE WITH PUBLIC OFFICER,108
67,INTERFERENCE WITH PUBLIC OFFICER,201
68,INTERFERENCE WITH PUBLIC OFFICER,201
69,INTERFERENCE WITH PUBLIC OFFICER,158
70,INTERFERENCE WITH PUBLIC OFFICER,18
71,INTERFERENCE WITH PUBLIC OFFICER,170
72,INTERFERENCE WITH PUBLIC OFFICER,6
73,INTERFERENCE WITH PUBLIC OFFICER,58
74,INTERFERENCE WITH PUBLIC OFFICER,5
75,INTERFERENCE WITH PUBLIC OFFICER,31
76,INTERFERENCE WITH PUBLIC OFFICER,6
77,INTERFERENCE WITH PUBLIC OFFICER,10
INTIMIDATION,,
1,INTIMIDATION,4
2,INTIMIDATION,6
3,INTIMIDATION,4
4,INTIMIDATION,5
5,INTIMIDATION,5
6,INTIMIDATION,19
7,INTIMIDATION,4
8,INTIMIDATION,28
9,INTIMIDATION,1
10,INTIMIDATION,4
11,INTIMIDATION,1
12,INTIMIDATION,1
13,INTIMIDATION,3
14,INTIMIDATION,9
15,INTIMIDATION,7
16,INTIMIDATION,7
17,INTIMIDATION,1
18,INTIMIDATION,2
19,INTIMIDATION,26
20,INTIMIDATION,3
21,INTIMIDATION,1
22,INTIMIDATION,6
23,INTIMIDATION,13
24,INTIMIDATION,15
25,INTIMIDATION,27
26,INTIMIDATION,7
27,INTIMIDATION,7
28,INTIMIDATION,27
29,INTIMIDATION,6
30,INTIMIDATION,20
31,INTIMIDATION,7
32,INTIMIDATION,16
33,INTIMIDATION,1
34,INTIMIDATION,2
35,INTIMIDATION,10
36,INTIMIDATION,1
37,INTIMIDATION,3
38,INTIMIDATION,1
39,INTIMIDATION,3
40,INTIMIDATION,6
41,INTIMIDATION,2
42,INTIMIDATION,5
43,INTIMIDATION,12
44,INTIMIDATION,6
45,INTIMIDATION,2
46,INTIMIDATION,12
47,INTIMIDATION,0
48,INTIMIDATION,4
49,INTIMIDATION,11
50,INTIMIDATION,6
51,INTIMIDATION,0
52,INTIMIDATION,2
53,INTIMIDATION,7
54,INTIMIDATION,0
55,INTIMIDATION,2
56,INTIMIDATION,4
57,INTIMIDATION,4
58,INTIMIDATION,7
59,INTIMIDATION,4
60,INTIMIDATION,12
61,INTIMIDATION,24
62,INTIMIDATION,3
63,INTIMIDATION,8
64,INTIMIDATION,2
65,INTIMIDATION,6
66,INTIMIDATION,11
67,INTIMIDATION,9
68,INTIMIDATION,14
69,INTIMIDATION,6
70,INTIMIDATION,7
71,INTIMIDATION,6
72,INTIMIDATION,1
73,INTIMIDATION,3
74,INTIMIDATION,4
75,INTIMIDATION,6
76,INTIMIDATION,1
77,INTIMIDATION,3
KIDNAPPING,,
1,KIDNAPPING,4
2,KIDNAPPING,9
3,KIDNAPPING,4
4,KIDNAPPING,7
5,KIDNAPPING,3
6,KIDNAPPING,5
7,KIDNAPPING,11
8,KIDNAPPING,12
9,KIDNAPPING,0
10,KIDNAPPING,9
11,KIDNAPPING,11
12,KIDNAPPING,1
13,KIDNAPPING,1
14,KIDNAPPING,6
15,KIDNAPPING,13
16,KIDNAPPING,7
17,KIDNAPPING,13
18,KIDNAPPING,1
19,KIDNAPPING,20
20,KIDNAPPING,1
21,KIDNAPPING,6
22,KIDNAPPING,12
23,KIDNAPPING,14
24,KIDNAPPING,5
25,KIDNAPPING,28
26,KIDNAPPING,11
27,KIDNAPPING,5
28,KIDNAPPING,10
29,KIDNAPPING,11
30,KIDNAPPING,9
31,KIDNAPPING,5
32,KIDNAPPING,5
33,KIDNAPPING,4
34,KIDNAPPING,0
35,KIDNAPPING,7
36,KIDNAPPING,3
37,KIDNAPPING,2
38,KIDNAPPING,10
39,KIDNAPPING,3
40,KIDNAPPING,5
41,KIDNAPPING,2
42,KIDNAPPING,11
43,KIDNAPPING,19
44,KIDNAPPING,28
45,KIDNAPPING,3
46,KIDNAPPING,28
47,KIDNAPPING,1
48,KIDNAPPING,6
49,KIDNAPPING,24
50,KIDNAPPING,8
51,KIDNAPPING,8
52,KIDNAPPING,8
53,KIDNAPPING,18
54,KIDNAPPING,1
55,KIDNAPPING,3
56,KIDNAPPING,3
57,KIDNAPPING,6
58,KIDNAPPING,6
59,KIDNAPPING,4
60,KIDNAPPING,5
61,KIDNAPPING,9
62,KIDNAPPING,5
63,KIDNAPPING,5
64,KIDNAPPING,5
65,KIDNAPPING,4
66,KIDNAPPING,16
67,KIDNAPPING,20
68,KIDNAPPING,16
69,KIDNAPPING,16
70,KIDNAPPING,17
71,KIDNAPPING,20
72,KIDNAPPING,6
73,KIDNAPPING,19
74,KIDNAPPING,6
75,KIDNAPPING,12
76,KIDNAPPING,0
77,KIDNAPPING,3
LIQUOR LAW VIOLATION,,
1,LIQUOR LAW VIOLATION,13
2,LIQUOR LAW VIOLATION,17
3,LIQUOR LAW VIOLATION,7
4,LIQUOR LAW VIOLATION,11
5,LIQUOR LAW VIOLATION,4
6,LIQUOR LAW VIOLATION,56
7,LIQUOR LAW VIOLATION,43
8,LIQUOR LAW VIOLATION,98
9,LIQUOR LAW VIOLATION,0
10,LIQUOR LAW VIOLATION,5
11,LIQUOR LAW VIOLATION,2
12,LIQUOR LAW VIOLATION,0
13,LIQUOR LAW VIOLATION,5
14,LIQUOR LAW VIOLATION,7
15,LIQUOR LAW VIOLATION,13
16,LIQUOR LAW VIOLATION,15
17,LIQUOR LAW VIOLATION,11
18,LIQUOR LAW VIOLATION,0
19,LIQUOR LAW VIOLATION,18
20,LIQUOR LAW VIOLATION,4
21,LIQUOR LAW VIOLATION,6
22,LIQUOR LAW VIOLATION,21
23,LIQUOR LAW VIOLATION,17
24,LIQUOR LAW VIOLATION,43
25,LIQUOR LAW VIOLATION,17
26,LIQUOR LAW VIOLATION,14
27,LIQUOR LAW VIOLATION,10
28,LIQUOR LAW VIOLATION,28
29,LIQUOR LAW VIOLATION,21
30,LIQUOR LAW VIOLATION,72
31,LIQUOR LAW VIOLATION,21
32,LIQUOR LAW VIOLATION,27
33,LIQUOR LAW VIOLATION,7
34,LIQUOR LAW VIOLATION,16
35,LIQUOR LAW VIOLATION,3
36,LIQUOR LAW VIOLATION,0
37,LIQUOR LAW VIOLATION,0
38,LIQUOR LAW VIOLATION,12
39,LIQUOR LAW VIOLATION,0
40,LIQUOR LAW VIOLATION,6
41,LIQUOR LAW VIOLATION,2
42,LIQUOR LAW VIOLATION,1
43,LIQUOR LAW VIOLATION,8
44,LIQUOR LAW VIOLATION,1
45,LIQUOR LAW VIOLATION,2
46,LIQUOR LAW VIOLATION,7
47,LIQUOR LAW VIOLATION,0
48,LIQUOR LAW VIOLATION,5
49,LIQUOR LAW VIOLATION,7
50,LIQUOR LAW VIOLATION,1
51,LIQUOR LAW VIOLATION,5
52,LIQUOR LAW VIOLATION,6
53,LIQUOR LAW VIOLATION,6
54,LIQUOR LAW VIOLATION,1
55,LIQUOR LAW VIOLATION,1
56,LIQUOR LAW VIOLATION,5
57,LIQUOR LAW VIOLATION,2
58,LIQUOR LAW VIOLATION,19
59,LIQUOR LAW VIOLATION,2
60,LIQUOR LAW VIOLATION,12
61,LIQUOR LAW VIOLATION,19
62,LIQUOR LAW VIOLATION,2
63,LIQUOR LAW VIOLATION,8
64,LIQUOR LAW VIOLATION,1
65,LIQUOR LAW VIOLATION,6
66,LIQUOR LAW VIOLATION,12
67,LIQUOR LAW VIOLATION,5
68,LIQUOR LAW VIOLATION,12
69,LIQUOR LAW VIOLATION,8
70,LIQUOR LAW VIOLATION,5
71,LIQUOR LAW VIOLATION,14
72,LIQUOR LAW VIOLATION,3
73,LIQUOR LAW VIOLATION,1
74,LIQUOR LAW VIOLATION,6
75,LIQUOR LAW VIOLATION,1
76,LIQUOR LAW VIOLATION,3
77,LIQUOR LAW VIOLATION,4
MOTOR VEHICLE THEFT,,
1,MOTOR VEHICLE THEFT,432
2,MOTOR VEHICLE THEFT,552
3,MOTOR VEHICLE THEFT,435
4,MOTOR VEHICLE THEFT,283
5,MOTOR VEHICLE THEFT,201
6,MOTOR VEHICLE THEFT,792
7,MOTOR VEHICLE THEFT,466
8,MOTOR VEHICLE THEFT,1016
9,MOTOR VEHICLE THEFT,40
10,MOTOR VEHICLE THEFT,132
11,MOTOR VEHICLE THEFT,156
12,MOTOR VEHICLE THEFT,75
13,MOTOR VEHICLE THEFT,137
14,MOTOR VEHICLE THEFT,485
15,MOTOR VEHICLE THEFT,599
16,MOTOR VEHICLE THEFT,611
17,MOTOR VEHICLE THEFT,249
18,MOTOR VEHICLE THEFT,126
19,MOTOR VEHICLE THEFT,1001
20,MOTOR VEHICLE THEFT,373
21,MOTOR VEHICLE THEFT,502
22,MOTOR VEHICLE THEFT,945
23,MOTOR VEHICLE THEFT,1268
24,MOTOR VEHICLE THEFT,1333
25,MOTOR VEHICLE THEFT,2680
26,MOTOR VEHICLE THEFT,726
27,MOTOR VEHICLE THEFT,695
28,MOTOR VEHICLE THEFT,1313
29,MOTOR VEHICLE THEFT,1092
30,MOTOR VEHICLE THEFT,845
31,MOTOR VEHICLE THEFT,435
32,MOTOR VEHICLE THEFT,417
33,MOTOR VEHICLE THEFT,248
34,MOTOR VEHICLE THEFT,157
35,MOTOR VEHICLE THEFT,349
36,MOTOR VEHICLE THEFT,127
37,MOTOR VEHICLE THEFT,133
38,MOTOR VEHICLE THEFT,583
39,MOTOR VEHICLE THEFT,233
40,MOTOR VEHICLE THEFT,356
41,MOTOR VEHICLE THEFT,279
42,MOTOR VEHICLE THEFT,439
43,MOTOR VEHICLE THEFT,1154
44,MOTOR VEHICLE THEFT,831
45,MOTOR VEHICLE THEFT,228
46,MOTOR VEHICLE THEFT,608
47,MOTOR VEHICLE THEFT,62
48,MOTOR VEHICLE THEFT,313
49,MOTOR VEHICLE THEFT,930
50,MOTOR VEHICLE THEFT,163
51,MOTOR VEHICLE THEFT,237
52,MOTOR VEHICLE THEFT,162
53,MOTOR VEHICLE THEFT,554
54,MOTOR VEHICLE THEFT,169
55,MOTOR VEHICLE THEFT,86
56,MOTOR VEHICLE THEFT,261
57,MOTOR VEHICLE THEFT,201
58,MOTOR VEHICLE THEFT,445
59,MOTOR VEHICLE THEFT,175
60,MOTOR VEHICLE THEFT,224
61,MOTOR VEHICLE THEFT,611
62,MOTOR VEHICLE THEFT,193
63,MOTOR VEHICLE THEFT,392
64,MOTOR VEHICLE THEFT,152
65,MOTOR VEHICLE THEFT,314
66,MOTOR VEHICLE THEFT,933
67,MOTOR VEHICLE THEFT,853
68,MOTOR VEHICLE THEFT,800
69,MOTOR VEHICLE THEFT,990
70,MOTOR VEHICLE THEFT,606
71,MOTOR VEHICLE THEFT,1026
72,MOTOR VEHICLE THEFT,158
73,MOTOR VEHICLE THEFT,512
74,MOTOR VEHICLE THEFT,43
75,MOTOR VEHICLE THEFT,269
76,MOTOR VEHICLE THEFT,316
77,MOTOR VEHICLE THEFT,312
NARCOTICS,,
1,NARCOTICS,410
2,NARCOTICS,326
3,NARCOTICS,437
4,NARCOTICS,140
5,NARCOTICS,78
6,NARCOTICS,233
7,NARCOTICS,104
8,NARCOTICS,583
9,NARCOTICS,10
10,NARCOTICS,78
11,NARCOTICS,95
12,NARCOTICS,25
13,NARCOTICS,75
14,NARCOTICS,236
15,NARCOTICS,318
16,NARCOTICS,217
17,NARCOTICS,136
18,NARCOTICS,38
19,NARCOTICS,704
20,NARCOTICS,221
21,NARCOTICS,141
22,NARCOTICS,341
23,NARCOTICS,4825
24,NARCOTICS,367
25,NARCOTICS,6377
26,NARCOTICS,5035
27,NARCOTICS,3002
28,NARCOTICS,775
29,NARCOTICS,4996
30,NARCOTICS,841
31,NARCOTICS,275
32,NARCOTICS,393
33,NARCOTICS,95
34,NARCOTICS,67
35,NARCOTICS,268
36,NARCOTICS,35
37,NARCOTICS,179
38,NARCOTICS,438
39,NARCOTICS,81
40,NARCOTICS,365
41,NARCOTICS,46
42,NARCOTICS,534
43,NARCOTICS,1221
44,NARCOTICS,927
45,NARCOTICS,198
46,NARCOTICS,840
47,NARCOTICS,61
48,NARCOTICS,156
49,NARCOTICS,1240
50,NARCOTICS,116
51,NARCOTICS,194
52,NARCOTICS,188
53,NARCOTICS,615
54,NARCOTICS,135
55,NARCOTICS,32
56,NARCOTICS,226
57,NARCOTICS,85
58,NARCOTICS,512
59,NARCOTICS,185
60,NARCOTICS,141
61,NARCOTICS,1056
62,NARCOTICS,93
63,NARCOTICS,377
64,NARCOTICS,95
65,NARCOTICS,151
66,NARCOTICS,1059
67,NARCOTICS,1891
68,NARCOTICS,1652
69,NARCOTICS,1039
70,NARCOTICS,186
71,NARCOTICS,1389
72,NARCOTICS,47
73,NARCOTICS,454
74,NARCOTICS,41
75,NARCOTICS,254
76,NARCOTICS,415
77,NARCOTICS,112
NON - CRIMINAL,,
1,NON - CRIMINAL,0
2,NON - CRIMINAL,0
3,NON - CRIMINAL,0
4,NON - CRIMINAL,0
5,NON - CRIMINAL,0
6,NON - CRIMINAL,0
7,NON - CRIMINAL,0
8,NON - CRIMINAL,1
9,NON - CRIMINAL,0
10,NON - CRIMINAL,0
11,NON - CRIMINAL,2
12,NON - CRIMINAL,0
13,NON - CRIMINAL,0
14,NON - CRIMINAL,0
15,NON - CRIMINAL,0
16,NON - CRIMINAL,0
17,NON - CRIMINAL,0
18,NON - CRIMINAL,0
19,NON - CRIMINAL,0
20,NON - CRIMINAL,0
21,NON - CRIMINAL,0
22,NON - CRIMINAL,1
23,NON - CRIMINAL,1
24,NON - CRIMINAL,0
25,NON - CRIMINAL,1
26,NON - CRIMINAL,1
27,NON - CRIMINAL,1
28,NON - CRIMINAL,1
29,NON - CRIMINAL,2
30,NON - CRIMINAL,0
31,NON - CRIMINAL,0
32,NON - CRIMINAL,0
33,NON - CRIMINAL,0
34,NON - CRIMINAL,0
35,NON - CRIMINAL,1
36,NON - CRIMINAL,0
37,NON - CRIMINAL,1
38,NON - CRIMINAL,0
39,NON - CRIMINAL,0
40,NON - CRIMINAL,0
41,NON - CRIMINAL,0
42,NON - CRIMINAL,0
43,NON - CRIMINAL,1
44,NON - CRIMINAL,0
45,NON - CRIMINAL,0
46,NON - CRIMINAL,0
47,NON - CRIMINAL,0
48,NON - CRIMINAL,0
49,NON - CRIMINAL,0
50,NON - CRIMINAL,0
51,NON - CRIMINAL,0
52,NON - CRIMINAL,0
53,NON - CRIMINAL,0
54,NON - CRIMINAL,0
55,NON - CRIMINAL,0
56,NON - CRIMINAL,1
57,NON - CRIMINAL,0
58,NON - CRIMINAL,0
59,NON - CRIMINAL,0
60,NON - CRIMINAL,2
61,NON - CRIMINAL,0
62,NON - CRIMINAL,0
63,NON - CRIMINAL,1
64,NON - CRIMINAL,0
65,NON - CRIMINAL,0
66,NON - CRIMINAL,1
67,NON - CRIMINAL,0
68,NON - CRIMINAL,0
69,NON - CRIMINAL,0
70,NON - CRIMINAL,3
71,NON - CRIMINAL,0
72,NON - CRIMINAL,0
73,NON - CRIMINAL,0
74,NON - CRIMINAL,0
75,NON - CRIMINAL,0
76,NON - CRIMINAL,1
77,NON - CRIMINAL,0
NON-CRIMINAL (SUBJECT SPECIFIED),,
1,NON-CRIMINAL (SUBJECT SPECIFIED),0
2,NON-CRIMINAL (SUBJECT SPECIFIED),0
3,NON-CRIMINAL (SUBJECT SPECIFIED),0
4,NON-CRIMINAL (SUBJECT SPECIFIED),0
5,NON-CRIMINAL (SUBJECT SPECIFIED),0
6,NON-CRIMINAL (SUBJECT SPECIFIED),0
7,NON-CRIMINAL (SUBJECT SPECIFIED),0
8,NON-CRIMINAL (SUBJECT SPECIFIED),0
9,NON-CRIMINAL (SUBJECT SPECIFIED),0
10,NON-CRIMINAL (SUBJECT SPECIFIED),0
11,NON-CRIMINAL (SUBJECT SPECIFIED),0
12,NON-CRIMINAL (SUBJECT SPECIFIED),0
13,NON-CRIMINAL (SUBJECT SPECIFIED),0
14,NON-CRIMINAL (SUBJECT SPECIFIED),0
15,NON-CRIMINAL (SUBJECT SPECIFIED),0
16,NON-CRIMINAL (SUBJECT SPECIFIED),0
17,NON-CRIMINAL (SUBJECT SPECIFIED),0
18,NON-CRIMINAL (SUBJECT SPECIFIED),0
19,NON-CRIMINAL (SUBJECT SPECIFIED),0
20,NON-CRIMINAL (SUBJECT SPECIFIED),0
21,NON-CRIMINAL (SUBJECT SPECIFIED),0
22,NON-CRIMINAL (SUBJECT SPECIFIED),0
23,NON-CRIMINAL (SUBJECT SPECIFIED),1
24,NON-CRIMINAL (SUBJECT SPECIFIED),0
25,NON-CRIMINAL (SUBJECT SPECIFIED),0
26,NON-CRIMINAL (SUBJECT SPECIFIED),0
27,NON-CRIMINAL (SUBJECT SPECIFIED),0
28,NON-CRIMINAL (SUBJECT SPECIFIED),0
29,NON-CRIMINAL (SUBJECT SPECIFIED),0
30,NON-CRIMINAL (SUBJECT SPECIFIED),0
31,NON-CRIMINAL (SUBJECT SPECIFIED),0
32,NON-CRIMINAL (SUBJECT SPECIFIED),0
33,NON-CRIMINAL (SUBJECT SPECIFIED),0
34,NON-CRIMINAL (SUBJECT SPECIFIED),0
35,NON-CRIMINAL (SUBJECT SPECIFIED),0
36,NON-CRIMINAL (SUBJECT SPECIFIED),0
37,NON-CRIMINAL (SUBJECT SPECIFIED),1
38,NON-CRIMINAL (SUBJECT SPECIFIED),0
39,NON-CRIMINAL (SUBJECT SPECIFIED),0
40,NON-CRIMINAL (SUBJECT SPECIFIED),0
41,NON-CRIMINAL (SUBJECT SPECIFIED),0
42,NON-CRIMINAL (SUBJECT SPECIFIED),0
43,NON-CRIMINAL (SUBJECT SPECIFIED),0
44,NON-CRIMINAL (SUBJECT SPECIFIED),0
45,NON-CRIMINAL (SUBJECT SPECIFIED),0
46,NON-CRIMINAL (SUBJECT SPECIFIED),0
47,NON-CRIMINAL (SUBJECT SPECIFIED),0
48,NON-CRIMINAL (SUBJECT SPECIFIED),0
49,NON-CRIMINAL (SUBJECT SPECIFIED),0
50,NON-CRIMINAL (SUBJECT SPECIFIED),1
51,NON-CRIMINAL (SUBJECT SPECIFIED),0
52,NON-CRIMINAL (SUBJECT SPECIFIED),0
53,NON-CRIMINAL (SUBJECT SPECIFIED),0
54,NON-CRIMINAL (SUBJECT SPECIFIED),0
55,NON-CRIMINAL (SUBJECT SPECIFIED),0
56,NON-CRIMINAL (SUBJECT SPECIFIED),0
57,NON-CRIMINAL (SUBJECT SPECIFIED),0
58,NON-CRIMINAL (SUBJECT SPECIFIED),0
59,NON-CRIMINAL (SUBJECT SPECIFIED),0
60,NON-CRIMINAL (SUBJECT SPECIFIED),0
61,NON-CRIMINAL (SUBJECT SPECIFIED),0
62,NON-CRIMINAL (SUBJECT SPECIFIED),0
63,NON-CRIMINAL (SUBJECT SPECIFIED),0
64,NON-CRIMINAL (SUBJECT SPECIFIED),0
65,NON-CRIMINAL (SUBJECT SPECIFIED),0
66,NON-CRIMINAL (SUBJECT SPECIFIED),0
67,NON-CRIMINAL (SUBJECT SPECIFIED),0
68,NON-CRIMINAL (SUBJECT SPECIFIED),0
69,NON-CRIMINAL (SUBJECT SPECIFIED),0
70,NON-CRIMINAL (SUBJECT SPECIFIED),0
71,NON-CRIMINAL (SUBJECT SPECIFIED),0
72,NON-CRIMINAL (SUBJECT SPECIFIED),0
73,NON-CRIMINAL (SUBJECT SPECIFIED),0
74,NON-CRIMINAL (SUBJECT SPECIFIED),0
75,NON-CRIMINAL (SUBJECT SPECIFIED),0
76,NON-CRIMINAL (SUBJECT SPECIFIED),0
77,NON-CRIMINAL (SUBJECT SPECIFIED),0
OBSCENITY,,
1,OBSCENITY,8
2,OBSCENITY,6
3,OBSCENITY,2
4,OBSCENITY,1
5,OBSCENITY,1
6,OBSCENITY,3
7,OBSCENITY,2
8,OBSCENITY,4
9,OBSCENITY,0
10,OBSCENITY,1
11,OBSCENITY,2
12,OBSCENITY,0
13,OBSCENITY,0
14,OBSCENITY,1
15,OBSCENITY,8
16,OBSCENITY,4
17,OBSCENITY,3
18,OBSCENITY,2
19,OBSCENITY,4
20,OBSCENITY,2
21,OBSCENITY,7
22,OBSCENITY,3
23,OBSCENITY,1
24,OBSCENITY,5
25,OBSCENITY,12
26,OBSCENITY,2
27,OBSCENITY,3
28,OBSCENITY,5
29,OBSCENITY,7
30,OBSCENITY,6
31,OBSCENITY,1
32,OBSCENITY,5
33,OBSCENITY,5
34,OBSCENITY,0
35,OBSCENITY,2
36,OBSCENITY,2
37,OBSCENITY,1
38,OBSCENITY,5
39,OBSCENITY,2
40,OBSCENITY,3
41,OBSCENITY,0
42,OBSCENITY,1
43,OBSCENITY,7
44,OBSCENITY,2
45,OBSCENITY,0
46,OBSCENITY,2
47,OBSCENITY,0
48,OBSCENITY,4
49,OBSCENITY,3
50,OBSCENITY,0
51,OBSCENITY,2
52,OBSCENITY,0
53,OBSCENITY,1
54,OBSCENITY,1
55,OBSCENITY,1
56,OBSCENITY,3
57,OBSCENITY,2
58,OBSCENITY,3
59,OBSCENITY,1
60,OBSCENITY,1
61,OBSCENITY,5
62,OBSCENITY,2
63,OBSCENITY,5
64,OBSCENITY,1
65,OBSCENITY,3
66,OBSCENITY,5
67,OBSCENITY,1
68,OBSCENITY,3
69,OBSCENITY,3
70,OBSCENITY,7
71,OBSCENITY,3
72,OBSCENITY,1
73,OBSCENITY,2
74,OBSCENITY,2
75,OBSCENITY,1
76,OBSCENITY,0
77,OBSCENITY,2
OFFENSE INVOLVING CHILDREN,,
1,OFFENSE INVOLVING CHILDREN,92
2,OFFENSE INVOLVING CHILDREN,124
3,OFFENSE INVOLVING CHILDREN,84
4,OFFENSE INVOLVING CHILDREN,56
5,OFFENSE INVOLVING CHILDREN,26
6,OFFENSE INVOLVING CHILDREN,53
7,OFFENSE INVOLVING CHILDREN,29
8,OFFENSE INVOLVING CHILDREN,77
9,OFFENSE INVOLVING CHILDREN,13
10,OFFENSE INVOLVING CHILDREN,38
11,OFFENSE INVOLVING CHILDREN,41
12,OFFENSE INVOLVING CHILDREN,8
13,OFFENSE INVOLVING CHILDREN,38
14,OFFENSE INVOLVING CHILDREN,87
15,OFFENSE INVOLVING CHILDREN,122
16,OFFENSE INVOLVING CHILDREN,101
17,OFFENSE INVOLVING CHILDREN,58
18,OFFENSE INVOLVING CHILDREN,20
19,OFFENSE INVOLVING CHILDREN,240
20,OFFENSE INVOLVING CHILDREN,81
21,OFFENSE INVOLVING CHILDREN,69
22,OFFENSE INVOLVING CHILDREN,134
23,OFFENSE INVOLVING CHILDREN,277
24,OFFENSE INVOLVING CHILDREN,92
25,OFFENSE INVOLVING CHILDREN,503
26,OFFENSE INVOLVING CHILDREN,124
27,OFFENSE INVOLVING CHILDREN,120
28,OFFENSE INVOLVING CHILDREN,186
29,OFFENSE INVOLVING CHILDREN,257
30,OFFENSE INVOLVING CHILDREN,248
31,OFFENSE INVOLVING CHILDREN,68
32,OFFENSE INVOLVING CHILDREN,42
33,OFFENSE INVOLVING CHILDREN,43
34,OFFENSE INVOLVING CHILDREN,15
35,OFFENSE INVOLVING CHILDREN,54
36,OFFENSE INVOLVING CHILDREN,29
37,OFFENSE INVOLVING CHILDREN,35
38,OFFENSE INVOLVING CHILDREN,98
39,OFFENSE INVOLVING CHILDREN,46
40,OFFENSE INVOLVING CHILDREN,91
41,OFFENSE INVOLVING CHILDREN,39
42,OFFENSE INVOLVING CHILDREN,175
43,OFFENSE INVOLVING CHILDREN,311
44,OFFENSE INVOLVING CHILDREN,217
45,OFFENSE INVOLVING CHILDREN,43
46,OFFENSE INVOLVING CHILDREN,221
47,OFFENSE INVOLVING CHILDREN,14
48,OFFENSE INVOLVING CHILDREN,48
49,OFFENSE INVOLVING CHILDREN,256
50,OFFENSE INVOLVING CHILDREN,54
51,OFFENSE INVOLVING CHILDREN,95
52,OFFENSE INVOLVING CHILDREN,74
53,OFFENSE INVOLVING CHILDREN,174
54,OFFENSE INVOLVING CHILDREN,54
55,OFFENSE INVOLVING CHILDREN,35
56,OFFENSE INVOLVING CHILDREN,66
57,OFFENSE INVOLVING CHILDREN,32
58,OFFENSE INVOLVING CHILDREN,120
59,OFFENSE INVOLVING CHILDREN,38
60,OFFENSE INVOLVING CHILDREN,33
61,OFFENSE INVOLVING CHILDREN,195
62,OFFENSE INVOLVING CHILDREN,34
63,OFFENSE INVOLVING CHILDREN,127
64,OFFENSE INVOLVING CHILDREN,56
65,OFFENSE INVOLVING CHILDREN,97
66,OFFENSE INVOLVING CHILDREN,245
67,OFFENSE INVOLVING CHILDREN,263
68,OFFENSE INVOLVING CHILDREN,247
69,OFFENSE INVOLVING CHILDREN,269
70,OFFENSE INVOLVING CHILDREN,97
71,OFFENSE INVOLVING CHILDREN,292
72,OFFENSE INVOLVING CHILDREN,45
73,OFFENSE INVOLVING CHILDREN,144
74,OFFENSE INVOLVING CHILDREN,35
75,OFFENSE INVOLVING CHILDREN,104
76,OFFENSE INVOLVING CHILDREN,12
77,OFFENSE INVOLVING CHILDREN,43
OTHER NARCOTIC VIOLATION,,
1,OTHER NARCOTIC VIOLATION,1
2,OTHER NARCOTIC VIOLATION,0
3,OTHER NARCOTIC VIOLATION,1
4,OTHER NARCOTIC VIOLATION,1
5,OTHER NARCOTIC VIOLATION,0
6,OTHER NARCOTIC VIOLATION,2
7,OTHER NARCOTIC VIOLATION,0
8,OTHER NARCOTIC VIOLATION,0
9,OTHER NARCOTIC VIOLATION,0
10,OTHER NARCOTIC VIOLATION,0
11,OTHER NARCOTIC VIOLATION,1
12,OTHER NARCOTIC VIOLATION,0
13,OTHER NARCOTIC VIOLATION,0
14,OTHER NARCOTIC VIOLATION,0
15,OTHER NARCOTIC VIOLATION,0
16,OTHER NARCOTIC VIOLATION,2
17,OTHER NARCOTIC VIOLATION,0
18,OTHER NARCOTIC VIOLATION,0
19,OTHER NARCOTIC VIOLATION,1
20,OTHER NARCOTIC VIOLATION,0
21,OTHER NARCOTIC VIOLATION,0
22,OTHER NARCOTIC VIOLATION,0
23,OTHER NARCOTIC VIOLATION,1
24,OTHER NARCOTIC VIOLATION,0
25,OTHER NARCOTIC VIOLATION,0
26,OTHER NARCOTIC VIOLATION,0
27,OTHER NARCOTIC VIOLATION,0
28,OTHER NARCOTIC VIOLATION,0
29,OTHER NARCOTIC VIOLATION,0
30,OTHER NARCOTIC VIOLATION,0
31,OTHER NARCOTIC VIOLATION,1
32,OTHER NARCOTIC VIOLATION,2
33,OTHER NARCOTIC VIOLATION,0
34,OTHER NARCOTIC VIOLATION,0
35,OTHER NARCOTIC VIOLATION,0
36,OTHER NARCOTIC VIOLATION,0
37,OTHER NARCOTIC VIOLATION,1
38,OTHER NARCOTIC VIOLATION,1
39,OTHER NARCOTIC VIOLATION,0
40,OTHER NARCOTIC VIOLATION,0
41,OTHER NARCOTIC VIOLATION,0
42,OTHER NARCOTIC VIOLATION,0
43,OTHER NARCOTIC VIOLATION,0
44,OTHER NARCOTIC VIOLATION,0
45,OTHER NARCOTIC VIOLATION,0
46,OTHER NARCOTIC VIOLATION,0
47,OTHER NARCOTIC VIOLATION,0
48,OTHER NARCOTIC VIOLATION,0
49,OTHER NARCOTIC VIOLATION,0
50,OTHER NARCOTIC VIOLATION,0
51,OTHER NARCOTIC VIOLATION,0
52,OTHER NARCOTIC VIOLATION,0
53,OTHER NARCOTIC VIOLATION,0
54,OTHER NARCOTIC VIOLATION,1
55,OTHER NARCOTIC VIOLATION,0
56,OTHER NARCOTIC VIOLATION,0
57,OTHER NARCOTIC VIOLATION,0
58,OTHER NARCOTIC VIOLATION,0
59,OTHER NARCOTIC VIOLATION,0
60,OTHER NARCOTIC VIOLATION,0
61,OTHER NARCOTIC VIOLATION,1
62,OTHER NARCOTIC VIOLATION,0
63,OTHER NARCOTIC VIOLATION,0
64,OTHER NARCOTIC VIOLATION,0
65,OTHER NARCOTIC VIOLATION,0
66,OTHER NARCOTIC VIOLATION,0
67,OTHER NARCOTIC VIOLATION,0
68,OTHER NARCOTIC VIOLATION,0
69,OTHER NARCOTIC VIOLATION,1
70,OTHER NARCOTIC VIOLATION,1
71,OTHER NARCOTIC VIOLATION,0
72,OTHER NARCOTIC VIOLATION,0
73,OTHER NARCOTIC VIOLATION,0
74,OTHER NARCOTIC VIOLATION,0
75,OTHER NARCOTIC VIOLATION,0
76,OTHER NARCOTIC VIOLATION,0
77,OTHER NARCOTIC VIOLATION,0
OTHER OFFENSE,,
1,OTHER OFFENSE,841
2,OTHER OFFENSE,808
3,OTHER OFFENSE,696
4,OTHER OFFENSE,384
5,OTHER OFFENSE,212
6,OTHER OFFENSE,776
7,OTHER OFFENSE,407
8,OTHER OFFENSE,1102
9,OTHER OFFENSE,100
10,OTHER OFFENSE,351
11,OTHER OFFENSE,305
12,OTHER OFFENSE,126
13,OTHER OFFENSE,178
14,OTHER OFFENSE,491
15,OTHER OFFENSE,873
16,OTHER OFFENSE,669
17,OTHER OFFENSE,515
18,OTHER OFFENSE,208
19,OTHER OFFENSE,1363
20,OTHER OFFENSE,505
21,OTHER OFFENSE,455
22,OTHER OFFENSE,858
23,OTHER OFFENSE,1797
24,OTHER OFFENSE,1037
25,OTHER OFFENSE,3968
26,OTHER OFFENSE,1000
27,OTHER OFFENSE,1046
28,OTHER OFFENSE,1609
29,OTHER OFFENSE,1987
30,OTHER OFFENSE,1201
31,OTHER OFFENSE,572
32,OTHER OFFENSE,870
33,OTHER OFFENSE,378
34,OTHER OFFENSE,124
35,OTHER OFFENSE,682
36,OTHER OFFENSE,202
37,OTHER OFFENSE,140
38,OTHER OFFENSE,842
39,OTHER OFFENSE,390
40,OTHER OFFENSE,666
41,OTHER OFFENSE,405
42,OTHER OFFENSE,1054
43,OTHER OFFENSE,2343
44,OTHER OFFENSE,1487
45,OTHER OFFENSE,378
46,OTHER OFFENSE,1382
47,OTHER OFFENSE,126
48,OTHER OFFENSE,422
49,OTHER OFFENSE,1931
50,OTHER OFFENSE,392
51,OTHER OFFENSE,507
52,OTHER OFFENSE,374
53,OTHER OFFENSE,1272
54,OTHER OFFENSE,399
55,OTHER OFFENSE,170
56,OTHER OFFENSE,409
57,OTHER OFFENSE,179
58,OTHER OFFENSE,630
59,OTHER OFFENSE,208
60,OTHER OFFENSE,379
61,OTHER OFFENSE,1261
62,OTHER OFFENSE,238
63,OTHER OFFENSE,567
64,OTHER OFFENSE,292
65,OTHER OFFENSE,440
66,OTHER OFFENSE,1630
67,OTHER OFFENSE,1906
68,OTHER OFFENSE,1844
69,OTHER OFFENSE,1737
70,OTHER OFFENSE,656
71,OTHER OFFENSE,2076
72,OTHER OFFENSE,270
73,OTHER OFFENSE,933
74,OTHER OFFENSE,217
75,OTHER OFFENSE,583
76,OTHER OFFENSE,461
77,OTHER OFFENSE,511
PROSTITUTION,,
1,PROSTITUTION,18
2,PROSTITUTION,4
3,PROSTITUTION,1
4,PROSTITUTION,1
5,PROSTITUTION,0
6,PROSTITUTION,4
7,PROSTITUTION,0
8,PROSTITUTION,52
9,PROSTITUTION,1
10,PROSTITUTION,5
11,PROSTITUTION,1
12,PROSTITUTION,0
13,PROSTITUTION,1
14,PROSTITUTION,8
15,PROSTITUTION,2
16,PROSTITUTION,2
17,PROSTITUTION,1
18,PROSTITUTION,0
19,PROSTITUTION,50
20,PROSTITUTION,1
21,PROSTITUTION,2
22,PROSTITUTION,4
23,PROSTITUTION,161
24,PROSTITUTION,13
25,PROSTITUTION,865
26,PROSTITUTION,666
27,PROSTITUTION,27
28,PROSTITUTION,14
29,PROSTITUTION,46
30,PROSTITUTION,6
31,PROSTITUTION,2
32,PROSTITUTION,45
33,PROSTITUTION,7
34,PROSTITUTION,1
35,PROSTITUTION,1
36,PROSTITUTION,0
37,PROSTITUTION,0
38,PROSTITUTION,34
39,PROSTITUTION,0
40,PROSTITUTION,1
41,PROSTITUTION,0
42,PROSTITUTION,8
43,PROSTITUTION,40
44,PROSTITUTION,21
45,PROSTITUTION,1
46,PROSTITUTION,9
47,PROSTITUTION,0
48,PROSTITUTION,0
49,PROSTITUTION,135
50,PROSTITUTION,0
51,PROSTITUTION,2
52,PROSTITUTION,0
53,PROSTITUTION,32
54,PROSTITUTION,0
55,PROSTITUTION,0
56,PROSTITUTION,77
57,PROSTITUTION,3
58,PROSTITUTION,86
59,PROSTITUTION,5
60,PROSTITUTION,4
61,PROSTITUTION,29
62,PROSTITUTION,1
63,PROSTITUTION,4
64,PROSTITUTION,0
65,PROSTITUTION,0
66,PROSTITUTION,15
67,PROSTITUTION,198
68,PROSTITUTION,195
69,PROSTITUTION,5
70,PROSTITUTION,0
71,PROSTITUTION,42
72,PROSTITUTION,0
73,PROSTITUTION,1
74,PROSTITUTION,1
75,PROSTITUTION,0
76,PROSTITUTION,0
77,PROSTITUTION,2
PUBLIC INDECENCY,,
1,PUBLIC INDECENCY,2
2,PUBLIC INDECENCY,1
3,PUBLIC INDECENCY,0
4,PUBLIC INDECENCY,0
5,PUBLIC INDECENCY,0
6,PUBLIC INDECENCY,1
7,PUBLIC INDECENCY,1
8,PUBLIC INDECENCY,3
9,PUBLIC INDECENCY,0
10,PUBLIC INDECENCY,0
11,PUBLIC INDECENCY,0
12,PUBLIC INDECENCY,0
13,PUBLIC INDECENCY,0
14,PUBLIC INDECENCY,1
15,PUBLIC INDECENCY,0
16,PUBLIC INDECENCY,0
17,PUBLIC INDECENCY,1
18,PUBLIC INDECENCY,0
19,PUBLIC INDECENCY,1
20,PUBLIC INDECENCY,0
21,PUBLIC INDECENCY,1
22,PUBLIC INDECENCY,0
23,PUBLIC INDECENCY,2
24,PUBLIC INDECENCY,1
25,PUBLIC INDECENCY,4
26,PUBLIC INDECENCY,1
27,PUBLIC INDECENCY,0
28,PUBLIC INDECENCY,1
29,PUBLIC INDECENCY,0
30,PUBLIC INDECENCY,1
31,PUBLIC INDECENCY,2
32,PUBLIC INDECENCY,3
33,PUBLIC INDECENCY,1
34,PUBLIC INDECENCY,0
35,PUBLIC INDECENCY,1
36,PUBLIC INDECENCY,0
37,PUBLIC INDECENCY,0
38,PUBLIC INDECENCY,1
39,PUBLIC INDECENCY,0
40,PUBLIC INDECENCY,0
41,PUBLIC INDECENCY,0
42,PUBLIC INDECENCY,0
43,PUBLIC INDECENCY,0
44,PUBLIC INDECENCY,1
45,PUBLIC INDECENCY,0
46,PUBLIC INDECENCY,0
47,PUBLIC INDECENCY,0
48,PUBLIC INDECENCY,0
49,PUBLIC INDECENCY,0
50,PUBLIC INDECENCY,1
51,PUBLIC INDECENCY,1
52,PUBLIC INDECENCY,0
53,PUBLIC INDECENCY,0
54,PUBLIC INDECENCY,0
55,PUBLIC INDECENCY,0
56,PUBLIC INDECENCY,0
57,PUBLIC INDECENCY,1
58,PUBLIC INDECENCY,1
59,PUBLIC INDECENCY,0
60,PUBLIC INDECENCY,0
61,PUBLIC INDECENCY,1
62,PUBLIC INDECENCY,1
63,PUBLIC INDECENCY,0
64,PUBLIC INDECENCY,1
65,PUBLIC INDECENCY,1
66,PUBLIC INDECENCY,0
67,PUBLIC INDECENCY,1
68,PUBLIC INDECENCY,2
69,PUBLIC INDECENCY,1
70,PUBLIC INDECENCY,0
71,PUBLIC INDECENCY,1
72,PUBLIC INDECENCY,0
73,PUBLIC INDECENCY,0
74,PUBLIC INDECENCY,0
75,PUBLIC INDECENCY,0
76,PUBLIC INDECENCY,0
77,PUBLIC INDECENCY,0
PUBLIC PEACE VIOLATION,,
1,PUBLIC PEACE VIOLATION,59
2,PUBLIC PEACE VIOLATION,61
3,PUBLIC PEACE VIOLATION,92
4,PUBLIC PEACE VIOLATION,22
5,PUBLIC PEACE VIOLATION,24
6,PUBLIC PEACE VIOLATION,144
7,PUBLIC PEACE VIOLATION,42
8,PUBLIC PEACE VIOLATION,225
9,PUBLIC PEACE VIOLATION,4
10,PUBLIC PEACE VIOLATION,13
11,PUBLIC PEACE VIOLATION,18
12,PUBLIC PEACE VIOLATION,6
13,PUBLIC PEACE VIOLATION,4
14,PUBLIC PEACE VIOLATION,34
15,PUBLIC PEACE VIOLATION,38
16,PUBLIC PEACE VIOLATION,40
17,PUBLIC PEACE VIOLATION,24
18,PUBLIC PEACE VIOLATION,10
19,PUBLIC PEACE VIOLATION,103
20,PUBLIC PEACE VIOLATION,46
21,PUBLIC PEACE VIOLATION,30
22,PUBLIC PEACE VIOLATION,84
23,PUBLIC PEACE VIOLATION,243
24,PUBLIC PEACE VIOLATION,87
25,PUBLIC PEACE VIOLATION,465
26,PUBLIC PEACE VIOLATION,221
27,PUBLIC PEACE VIOLATION,186
28,PUBLIC PEACE VIOLATION,165
29,PUBLIC PEACE VIOLATION,311
30,PUBLIC PEACE VIOLATION,270
31,PUBLIC PEACE VIOLATION,86
32,PUBLIC PEACE VIOLATION,254
33,PUBLIC PEACE VIOLATION,29
34,PUBLIC PEACE VIOLATION,10
35,PUBLIC PEACE VIOLATION,69
36,PUBLIC PEACE VIOLATION,6
37,PUBLIC PEACE VIOLATION,30
38,PUBLIC PEACE VIOLATION,84
39,PUBLIC PEACE VIOLATION,17
40,PUBLIC PEACE VIOLATION,66
41,PUBLIC PEACE VIOLATION,31
42,PUBLIC PEACE VIOLATION,127
43,PUBLIC PEACE VIOLATION,178
44,PUBLIC PEACE VIOLATION,144
45,PUBLIC PEACE VIOLATION,45
46,PUBLIC PEACE VIOLATION,123
47,PUBLIC PEACE VIOLATION,9
48,PUBLIC PEACE VIOLATION,17
49,PUBLIC PEACE VIOLATION,144
50,PUBLIC PEACE VIOLATION,35
51,PUBLIC PEACE VIOLATION,42
52,PUBLIC PEACE VIOLATION,42
53,PUBLIC PEACE VIOLATION,72
54,PUBLIC PEACE VIOLATION,22
55,PUBLIC PEACE VIOLATION,9
56,PUBLIC PEACE VIOLATION,54
57,PUBLIC PEACE VIOLATION,35
58,PUBLIC PEACE VIOLATION,55
59,PUBLIC PEACE VIOLATION,19
60,PUBLIC PEACE VIOLATION,24
61,PUBLIC PEACE VIOLATION,118
62,PUBLIC PEACE VIOLATION,39
63,PUBLIC PEACE VIOLATION,64
64,PUBLIC PEACE VIOLATION,19
65,PUBLIC PEACE VIOLATION,31
66,PUBLIC PEACE VIOLATION,168
67,PUBLIC PEACE VIOLATION,207
68,PUBLIC PEACE VIOLATION,219
69,PUBLIC PEACE VIOLATION,148
70,PUBLIC PEACE VIOLATION,54
71,PUBLIC PEACE VIOLATION,194
72,PUBLIC PEACE VIOLATION,10
73,PUBLIC PEACE VIOLATION,51
74,PUBLIC PEACE VIOLATION,9
75,PUBLIC PEACE VIOLATION,43
76,PUBLIC PEACE VIOLATION,86
77,PUBLIC PEACE VIOLATION,39
ROBBERY,,
1,ROBBERY,498
2,ROBBERY,407
3,ROBBERY,415
4,ROBBERY,163
5,ROBBERY,132
6,ROBBERY,800
7,ROBBERY,478
8,ROBBERY,1210
9,ROBBERY,10
10,ROBBERY,49
11,ROBBERY,77
12,ROBBERY,20
13,ROBBERY,93
14,ROBBERY,410
15,ROBBERY,293
16,ROBBERY,328
17,ROBBERY,117
18,ROBBERY,60
19,ROBBERY,546
20,ROBBERY,168
21,ROBBERY,325
22,ROBBERY,679
23,ROBBERY,1220
24,ROBBERY,1145
25,ROBBERY,2911
26,ROBBERY,1181
27,ROBBERY,820
28,ROBBERY,1224
29,ROBBERY,1500
30,ROBBERY,743
31,ROBBERY,287
32,ROBBERY,989
33,ROBBERY,200
34,ROBBERY,365
35,ROBBERY,439
36,ROBBERY,90
37,ROBBERY,208
38,ROBBERY,529
39,ROBBERY,244
40,ROBBERY,457
41,ROBBERY,332
42,ROBBERY,606
43,ROBBERY,1361
44,ROBBERY,1053
45,ROBBERY,206
46,ROBBERY,613
47,ROBBERY,44
48,ROBBERY,250
49,ROBBERY,1043
50,ROBBERY,100
51,ROBBERY,225
52,ROBBERY,92
53,ROBBERY,510
54,ROBBERY,135
55,ROBBERY,41
56,ROBBERY,157
57,ROBBERY,115
58,ROBBERY,384
59,ROBBERY,121
60,ROBBERY,174
61,ROBBERY,700
62,ROBBERY,181
63,ROBBERY,405
64,ROBBERY,78
65,ROBBERY,277
66,ROBBERY,926
67,ROBBERY,1079
68,ROBBERY,1022
69,ROBBERY,1157
70,ROBBERY,362
71,ROBBERY,1173
72,ROBBERY,80
73,ROBBERY,452
74,ROBBERY,27
75,ROBBERY,190
76,ROBBERY,45
77,ROBBERY,272
SEX OFFENSE,,
1,SEX OFFENSE,80
2,SEX OFFENSE,81
3,SEX OFFENSE,78
4,SEX OFFENSE,37
5,SEX OFFENSE,19
6,SEX OFFENSE,83
7,SEX OFFENSE,66
8,SEX OFFENSE,133
9,SEX OFFENSE,7
10,SEX OFFENSE,25
11,SEX OFFENSE,22
12,SEX OFFENSE,5
13,SEX OFFENSE,17
14,SEX OFFENSE,63
15,SEX OFFENSE,67
16,SEX OFFENSE,59
17,SEX OFFENSE,27
18,SEX OFFENSE,9
19,SEX OFFENSE,104
20,SEX OFFENSE,32
21,SEX OFFENSE,45
22,SEX OFFENSE,81
23,SEX OFFENSE,99
24,SEX OFFENSE,109
25,SEX OFFENSE,215
26,SEX OFFENSE,48
27,SEX OFFENSE,49
28,SEX OFFENSE,139
29,SEX OFFENSE,108
30,SEX OFFENSE,115
31,SEX OFFENSE,62
32,SEX OFFENSE,124
33,SEX OFFENSE,31
34,SEX OFFENSE,19
35,SEX OFFENSE,46
36,SEX OFFENSE,9
37,SEX OFFENSE,12
38,SEX OFFENSE,42
39,SEX OFFENSE,24
40,SEX OFFENSE,30
41,SEX OFFENSE,41
42,SEX OFFENSE,51
43,SEX OFFENSE,97
44,SEX OFFENSE,68
45,SEX OFFENSE,22
46,SEX OFFENSE,53
47,SEX OFFENSE,3
48,SEX OFFENSE,20
49,SEX OFFENSE,67
50,SEX OFFENSE,13
51,SEX OFFENSE,18
52,SEX OFFENSE,26
53,SEX OFFENSE,64
54,SEX OFFENSE,25
55,SEX OFFENSE,12
56,SEX OFFENSE,27
57,SEX OFFENSE,17
58,SEX OFFENSE,61
59,SEX OFFENSE,15
60,SEX OFFENSE,28
61,SEX OFFENSE,94
62,SEX OFFENSE,19
63,SEX OFFENSE,57
64,SEX OFFENSE,21
65,SEX OFFENSE,26
66,SEX OFFENSE,99
67,SEX OFFENSE,87
68,SEX OFFENSE,86
69,SEX OFFENSE,89
70,SEX OFFENSE,29
71,SEX OFFENSE,72
72,SEX OFFENSE,16
73,SEX OFFENSE,39
74,SEX OFFENSE,8
75,SEX OFFENSE,23
76,SEX OFFENSE,23
77,SEX OFFENSE,48
STALKING,,
1,STALKING,15
2,STALKING,9
3,STALKING,2
4,STALKING,7
5,STALKING,4
6,STALKING,17
7,STALKING,10
8,STALKING,33
9,STALKING,1
10,STALKING,7
11,STALKING,5
12,STALKING,1
13,STALKING,2
14,STALKING,6
15,STALKING,12
16,STALKING,6
17,STALKING,6
18,STALKING,3
19,STALKING,8
20,STALKING,5
21,STALKING,5
22,STALKING,9
23,STALKING,14
24,STALKING,17
25,STALKING,22
26,STALKING,10
27,STALKING,8
28,STALKING,30
29,STALKING,19
30,STALKING,11
31,STALKING,11
32,STALKING,18
33,STALKING,8
34,STALKING,1
35,STALKING,8
36,STALKING,3
37,STALKING,1
38,STALKING,10
39,STALKING,6
40,STALKING,5
41,STALKING,11
42,STALKING,10
43,STALKING,22
44,STALKING,23
45,STALKING,5
46,STALKING,14
47,STALKING,1
48,STALKING,5
49,STALKING,12
50,STALKING,3
51,STALKING,6
52,STALKING,3
53,STALKING,11
54,STALKING,5
55,STALKING,6
56,STALKING,2
57,STALKING,4
58,STALKING,10
59,STALKING,6
60,STALKING,7
61,STALKING,12
62,STALKING,3
63,STALKING,6
64,STALKING,2
65,STALKING,5
66,STALKING,8
67,STALKING,18
68,STALKING,22
69,STALKING,23
70,STALKING,7
71,STALKING,24
72,STALKING,1
73,STALKING,7
74,STALKING,1
75,STALKING,6
76,STALKING,8
77,STALKING,11
THEFT,,
1,THEFT,3777
2,THEFT,3070
3,THEFT,3494
4,THEFT,2066
5,THEFT,1753
6,THEFT,8295
7,THEFT,6664
8,THEFT,16911
9,THEFT,220
10,THEFT,1151
11,THEFT,1050
12,THEFT,493
13,THEFT,1010
14,THEFT,2072
15,THEFT,2586
16,THEFT,2524
17,THEFT,1052
18,THEFT,455
19,THEFT,3051
20,THEFT,1032
21,THEFT,2218
22,THEFT,6257
23,THEFT,4341
24,THEFT,10457
25,THEFT,8232
26,THEFT,2097
27,THEFT,2307
28,THEFT,11552
29,THEFT,3475
30,THEFT,2658
31,THEFT,2108
32,THEFT,15885
33,THEFT,2165
34,THEFT,917
35,THEFT,2503
36,THEFT,563
37,THEFT,662
38,THEFT,2611
39,THEFT,1253
40,THEFT,1477
41,THEFT,2057
42,THEFT,2131
43,THEFT,5064
44,THEFT,4959
45,THEFT,798
46,THEFT,2366
47,THEFT,198
48,THEFT,959
49,THEFT,3755
50,THEFT,855
51,THEFT,1461
52,THEFT,647
53,THEFT,2026
54,THEFT,529
55,THEFT,431
56,THEFT,1589
57,THEFT,778
58,THEFT,1272
59,THEFT,890
60,THEFT,1355
61,THEFT,2899
62,THEFT,799
63,THEFT,1455
64,THEFT,648
65,THEFT,1956
66,THEFT,3315
67,THEFT,3289
68,THEFT,2974
69,THEFT,3704
70,THEFT,1822
71,THEFT,4218
72,THEFT,952
73,THEFT,2069
74,THEFT,514
75,THEFT,1600
76,THEFT,1716
77,THEFT,2852
WEAPONS VIOLATION,,
1,WEAPONS VIOLATION,117
2,WEAPONS VIOLATION,108
3,WEAPONS VIOLATION,96
4,WEAPONS VIOLATION,35
5,WEAPONS VIOLATION,17
6,WEAPONS VIOLATION,49
7,WEAPONS VIOLATION,32
8,WEAPONS VIOLATION,227
9,WEAPONS VIOLATION,1
10,WEAPONS VIOLATION,9
11,WEAPONS VIOLATION,11
12,WEAPONS VIOLATION,7
13,WEAPONS VIOLATION,19
14,WEAPONS VIOLATION,129
15,WEAPONS VIOLATION,85
16,WEAPONS VIOLATION,77
17,WEAPONS VIOLATION,32
18,WEAPONS VIOLATION,17
19,WEAPONS VIOLATION,296
20,WEAPONS VIOLATION,122
21,WEAPONS VIOLATION,85
22,WEAPONS VIOLATION,167
23,WEAPONS VIOLATION,756
24,WEAPONS VIOLATION,177
25,WEAPONS VIOLATION,1517
26,WEAPONS VIOLATION,667
27,WEAPONS VIOLATION,526
28,WEAPONS VIOLATION,233
29,WEAPONS VIOLATION,1126
30,WEAPONS VIOLATION,560
31,WEAPONS VIOLATION,179
32,WEAPONS VIOLATION,121
33,WEAPONS VIOLATION,50
34,WEAPONS VIOLATION,61
35,WEAPONS VIOLATION,133
36,WEAPONS VIOLATION,55
37,WEAPONS VIOLATION,92
38,WEAPONS VIOLATION,236
39,WEAPONS VIOLATION,49
40,WEAPONS VIOLATION,222
41,WEAPONS VIOLATION,29
42,WEAPONS VIOLATION,337
43,WEAPONS VIOLATION,643
44,WEAPONS VIOLATION,547
45,WEAPONS VIOLATION,156
46,WEAPONS VIOLATION,485
47,WEAPONS VIOLATION,61
48,WEAPONS VIOLATION,122
49,WEAPONS VIOLATION,804
50,WEAPONS VIOLATION,95
51,WEAPONS VIOLATION,182
52,WEAPONS VIOLATION,146
53,WEAPONS VIOLATION,603
54,WEAPONS VIOLATION,201
55,WEAPONS VIOLATION,24
56,WEAPONS VIOLATION,71
57,WEAPONS VIOLATION,56
58,WEAPONS VIOLATION,232
59,WEAPONS VIOLATION,73
60,WEAPONS VIOLATION,81
61,WEAPONS VIOLATION,544
62,WEAPONS VIOLATION,60
63,WEAPONS VIOLATION,223
64,WEAPONS VIOLATION,35
65,WEAPONS VIOLATION,78
66,WEAPONS VIOLATION,543
67,WEAPONS VIOLATION,1035
68,WEAPONS VIOLATION,939
69,WEAPONS VIOLATION,782
70,WEAPONS VIOLATION,134
71,WEAPONS VIOLATION,896
72,WEAPONS VIOLATION,15
73,WEAPONS VIOLATION,268
74,WEAPONS VIOLATION,7
75,WEAPONS VIOLATION,120
76,WEAPONS VIOLATION,21
77,WEAPONS VIOLATION,43
